group,x1,x2,y1,y2,group_x1,group_x2,group_y1,group_y2,start_time,start_year,start_month,start_day,start_hour,start_minute,start_second,end_time,end_year,end_month,end_day,end_hour,end_minute,end_second,duration,speed,distance,distance_category,cell_group_origin,cell_group_destination,orientation_4,orientation_8,duration_category,speed_category,bi_start_hour,bi_start_minute,bi_start_second,bi_start_year,bi_start_month,bi_start_day,bi_start_time
1,514,35.08072210837061,960,790.5367764252549,2,0.0,0,1.0,Mon Jan  1 20:44:55 2018,2018,1,1,20,44,55,Mon Jan  1 20:45:59 2018,2018,1,1,20,45,59,0.017777777777777778,9.085283714628945,581.4581577362525,medium,cell_02_00,cell_00_01,S,S-E,short,slow,9,10,8,2018,1,1,Mon Jan  1 09:10:08 2018
3,356,141.53165867899358,663,582.5906279944786,1,0.0,1,2.0,Mon Jan  1 18:41:16 2018,2018,1,1,18,41,16,Mon Jan  1 20:35:01 2018,2018,1,1,20,35,1,1.8958333333333333,0.13504843789480347,921.7055886320337,long,cell_01_01,cell_00_02,E,E-S,short,slow,5,21,12,2018,1,1,Mon Jan  1 05:21:12 2018
4,986,402.3916869375394,799,548.662452002006,4,2.0,1,2.0,Mon Jan  1 12:10:24 2018,2018,1,1,12,10,24,Mon Jan  1 13:48:33 2018,2018,1,1,13,48,33,1.6358333333333335,0.05611901037998434,330.4848521277278,medium,cell_04_01,cell_02_02,W,W-S,short,slow,3,20,16,2018,1,1,Mon Jan  1 03:20:16 2018
2,903,268.76915670115585,781,458.79444841272806,4,1.0,1,2.0,Mon Jan  1 01:17:00 2018,2018,1,1,1,17,0,Mon Jan  1 01:51:22 2018,2018,1,1,1,51,22,0.5727777777777778,0.17706662726890773,365.1113854284877,medium,cell_04_01,cell_01_02,W,W-N,short,slow,8,11,14,2018,1,1,Mon Jan  1 08:11:14 2018
4,414,440.30111412600377,720,486.13147936412776,2,2.0,1,2.0,Mon Jan  1 20:37:24 2018,2018,1,1,20,37,24,Mon Jan  1 21:00:56 2018,2018,1,1,21,0,56,0.39222222222222225,0.1262464131796949,178.2599354097292,short,cell_02_01,cell_02_02,E,E-N,short,slow,7,27,20,2018,1,1,Mon Jan  1 07:27:20 2018
3,77,242.3915387613901,22,236.79514669750077,0,1.0,4,3.0,Mon Jan  1 19:56:11 2018,2018,1,1,19,56,11,Mon Jan  1 21:49:30 2018,2018,1,1,21,49,30,1.888611111111111,0.08642622754466038,587.6119210761459,medium,cell_00_04,cell_01_03,N,N-E,short,slow,6,7,20,2018,1,1,Mon Jan  1 06:07:20 2018
3,903,352.1538683333404,670,415.1364347718544,4,1.0,1,2.0,Mon Jan  1 05:24:54 2018,2018,1,1,5,24,54,Mon Jan  1 11:56:28 2018,2018,1,1,11,56,28,6.526111111111111,0.00926638429214264,217.7044325595992,short,cell_04_01,cell_01_02,W,W-S,short,slow,4,21,1,2018,1,1,Mon Jan  1 04:21:01 2018
1,383,511.7555391432701,313,511.89989366084285,1,2.0,3,2.0,Mon Jan  1 01:58:20 2018,2018,1,1,1,58,20,Mon Jan  1 08:47:30 2018,2018,1,1,8,47,30,6.819444444444445,0.013182369974323666,323.627182869646,short,cell_01_03,cell_02_02,W,W-S,short,slow,10,14,12,2018,1,1,Mon Jan  1 10:14:12 2018
1,105,334.74181997071935,256,621.9965033243469,0,1.0,3,1.0,Mon Jan  1 07:33:54 2018,2018,1,1,7,33,54,Mon Jan  1 13:32:44 2018,2018,1,1,13,32,44,5.980555555555555,0.0066855589967896025,143.94008520088013,short,cell_00_03,cell_01_01,E,E-N,short,slow,7,17,7,2018,1,1,Mon Jan  1 07:17:07 2018
0,509,529.9130801303853,682,551.3896534466186,2,2.0,1,2.0,Mon Jan  1 12:19:46 2018,2018,1,1,12,19,46,Mon Jan  1 17:38:25 2018,2018,1,1,17,38,25,5.310833333333333,0.017238007841306243,329.57347191793406,short,cell_02_01,cell_02_02,S,S-W,short,slow,6,19,14,2018,1,1,Mon Jan  1 06:19:14 2018
3,840,387.541223535734,923,264.1999548502637,4,1.0,0,3.0,Mon Jan  1 11:06:21 2018,2018,1,1,11,6,21,Mon Jan  1 17:36:32 2018,2018,1,1,17,36,32,6.503055555555556,0.01845766019267194,432.1122827706428,medium,cell_04_00,cell_01_03,W,W-S,short,slow,10,13,18,2018,1,1,Mon Jan  1 10:13:18 2018
1,467,150.12206552436487,476,698.399894121331,2,0.0,2,1.0,Mon Jan  1 14:09:18 2018,2018,1,1,14,9,18,Mon Jan  1 22:10:06 2018,2018,1,1,22,10,6,8.013333333333334,0.00830017312673431,239.44339436003136,short,cell_02_02,cell_00_01,N,N-E,short,slow,11,13,15,2018,1,1,Mon Jan  1 11:13:15 2018
4,768,626.6645014865911,654,530.4465776742987,3,3.0,1,2.0,Mon Jan  1 23:48:36 2018,2018,1,1,23,48,36,Mon Jan  1 23:59:09 2018,2018,1,1,23,59,9,0.17583333333333334,0.6094929666765582,385.8090479062613,medium,cell_03_01,cell_03_02,W,W-S,short,slow,5,21,14,2018,1,1,Mon Jan  1 05:21:14 2018
0,618,616.5784434445291,360,301.8303204485208,3,3.0,3,3.0,Mon Jan  1 01:49:50 2018,2018,1,1,1,49,50,Mon Jan  1 05:04:36 2018,2018,1,1,5,4,36,3.2461111111111114,0.03438068280435015,401.7726592516359,medium,cell_03_03,cell_03_03,W,W-N,short,slow,4,13,23,2018,1,1,Mon Jan  1 04:13:23 2018
3,45,424.07540190204236,127,737.0381195476817,0,2.0,4,1.0,Mon Jan  1 21:53:29 2018,2018,1,1,21,53,29,Mon Jan  1 22:20:24 2018,2018,1,1,22,20,24,0.4486111111111111,0.3455282822665796,558.0281758605261,medium,cell_00_04,cell_02_01,N,N-E,short,slow,5,7,18,2018,1,1,Mon Jan  1 05:07:18 2018
2,634,323.7992922971123,77,265.5792803009132,3,1.0,4,3.0,Mon Jan  1 05:18:06 2018,2018,1,1,5,18,6,Mon Jan  1 08:47:47 2018,2018,1,1,8,47,47,3.4947222222222223,0.01056108577709232,132.86902016159848,short,cell_03_04,cell_01_03,N,N-E,short,slow,8,9,17,2018,1,1,Mon Jan  1 08:09:17 2018
2,674,632.5442243682833,455,420.00203685974003,3,3.0,2,2.0,Mon Jan  1 20:34:35 2018,2018,1,1,20,34,35,Mon Jan  1 20:56:29 2018,2018,1,1,20,56,29,0.365,0.2664593453926005,350.1275798458771,medium,cell_03_02,cell_03_02,S,S-W,short,slow,6,21,13,2018,1,1,Mon Jan  1 06:21:13 2018
1,792,375.08011730838774,316,506.78519382535404,3,1.0,3,2.0,Mon Jan  1 22:03:28 2018,2018,1,1,22,3,28,Mon Jan  1 23:02:07 2018,2018,1,1,23,2,7,0.9774999999999999,0.09919622225496073,349.07150611520683,medium,cell_03_03,cell_01_02,N,N-W,short,slow,6,16,16,2018,1,1,Mon Jan  1 06:16:16 2018
0,170,294.2041650808269,351,491.42542872514844,0,1.0,3,2.0,Mon Jan  1 02:27:28 2018,2018,1,1,2,27,28,Mon Jan  1 07:20:28 2018,2018,1,1,7,20,28,4.883333333333334,0.037010056418549674,650.6367918381032,medium,cell_00_03,cell_01_02,E,E-N,short,slow,6,8,6,2018,1,1,Mon Jan  1 06:08:06 2018
4,336,609.5193230999255,728,457.1975720208263,1,3.0,1,2.0,Mon Jan  1 20:52:44 2018,2018,1,1,20,52,44,Mon Jan  1 21:59:41 2018,2018,1,1,21,59,41,1.1158333333333335,0.11893098394503018,477.74576250718627,medium,cell_01_01,cell_03_02,E,E-S,short,slow,7,7,7,2018,1,1,Mon Jan  1 07:07:07 2018
1,569,318.9836532345906,462,400.4673840753989,2,1.0,2,2.0,Mon Jan  1 16:07:59 2018,2018,1,1,16,7,59,Mon Jan  1 16:08:13 2018,2018,1,1,16,8,13,0.0038888888888888888,18.680800678034522,261.5312094924833,short,cell_02_02,cell_01_02,S,S-E,short,slow,3,8,10,2018,1,1,Mon Jan  1 03:08:10 2018
1,374,428.491548979859,485,664.018453847791,1,2.0,2,1.0,Mon Jan  1 22:50:33 2018,2018,1,1,22,50,33,Mon Jan  1 22:53:35 2018,2018,1,1,22,53,35,0.050555555555555555,0.9723775305463741,176.9727105594401,short,cell_01_02,cell_02_01,S,S-E,short,slow,6,13,11,2018,1,1,Mon Jan  1 06:13:11 2018
4,720,251.52518331189566,697,566.5516347294232,3,1.0,1,2.0,Mon Jan  1 05:54:28 2018,2018,1,1,5,54,28,Mon Jan  1 16:23:24 2018,2018,1,1,16,23,24,10.482222222222221,0.012761024319260931,481.5500137116305,medium,cell_03_01,cell_01_02,S,S-W,medium,slow,5,5,23,2018,1,1,Mon Jan  1 05:05:23 2018
0,551,645.1416472586266,391,408.30052029020686,2,3.0,3,2.0,Mon Jan  1 19:45:32 2018,2018,1,1,19,45,32,Mon Jan  1 21:05:47 2018,2018,1,1,21,5,47,1.3375,0.0277184844880888,133.46450281014756,short,cell_02_03,cell_03_02,E,E-N,short,slow,4,8,17,2018,1,1,Mon Jan  1 04:08:17 2018
1,81,568.8466524136625,692,314.7086660136319,0,2.0,1,3.0,Mon Jan  1 10:31:30 2018,2018,1,1,10,31,30,Mon Jan  1 18:18:41 2018,2018,1,1,18,18,41,7.786388888888889,0.018485030997270537,518.1539038844904,medium,cell_00_01,cell_02_03,E,E-S,short,slow,6,11,22,2018,1,1,Mon Jan  1 06:11:22 2018
3,57,546.3004927507352,152,237.68433057084897,0,2.0,4,3.0,Mon Jan  1 09:10:55 2018,2018,1,1,9,10,55,Mon Jan  1 20:39:19 2018,2018,1,1,20,39,19,11.473333333333333,0.0254364445144033,1050.626904222914,long,cell_00_04,cell_02_03,N,N-E,medium,slow,3,10,7,2018,1,1,Mon Jan  1 03:10:07 2018
0,508,47.15235945425507,506,764.4445137117343,2,0.0,2,1.0,Mon Jan  1 11:38:10 2018,2018,1,1,11,38,10,Mon Jan  1 16:57:24 2018,2018,1,1,16,57,24,5.320555555555556,0.008761296003247354,167.81386364619982,short,cell_02_02,cell_00_01,S,S-W,short,slow,4,26,13,2018,1,1,Mon Jan  1 04:26:13 2018
2,593,613.2050401180792,981,788.4854635577987,2,3.0,0,1.0,Mon Jan  1 15:07:44 2018,2018,1,1,15,7,44,Mon Jan  1 22:02:55 2018,2018,1,1,22,2,55,6.919722222222222,0.020268919988096164,504.91906582346354,medium,cell_02_00,cell_03_01,S,S-W,short,slow,5,12,23,2018,1,1,Mon Jan  1 05:12:23 2018
1,834,523.778423078077,935,427.2388472807252,4,2.0,0,2.0,Mon Jan  1 22:07:01 2018,2018,1,1,22,7,1,Mon Jan  1 23:53:26 2018,2018,1,1,23,53,26,1.7736111111111112,0.06913046090982856,441.3979929092554,medium,cell_04_00,cell_02_02,S,S-W,short,slow,4,14,12,2018,1,1,Mon Jan  1 04:14:12 2018
2,327,246.38759088771158,174,208.9204581339814,1,1.0,4,3.0,Mon Jan  1 07:58:20 2018,2018,1,1,7,58,20,Mon Jan  1 10:14:19 2018,2018,1,1,10,14,19,2.266388888888889,0.05284367506162051,431.1515448277617,medium,cell_01_04,cell_01_03,N,N-E,short,slow,5,17,14,2018,1,1,Mon Jan  1 05:17:14 2018
4,811,225.24627511863991,61,210.94637156959317,4,1.0,4,3.0,Mon Jan  1 02:30:59 2018,2018,1,1,2,30,59,Mon Jan  1 14:00:48 2018,2018,1,1,14,0,48,11.496944444444445,0.014994554090767012,620.6095992627559,medium,cell_04_04,cell_01_03,N,N-W,medium,slow,5,15,23,2018,1,1,Mon Jan  1 05:15:23 2018
4,386,566.6078337308002,100,238.47885528504628,1,2.0,4,3.0,Mon Jan  1 03:50:14 2018,2018,1,1,3,50,14,Mon Jan  1 23:12:15 2018,2018,1,1,23,12,15,19.366944444444446,0.0047631011629398244,332.0881761813275,medium,cell_01_04,cell_02_03,N,N-W,medium,slow,9,12,16,2018,1,1,Mon Jan  1 09:12:16 2018
4,395,526.4091741496985,98,203.23506382246072,1,2.0,4,3.0,Mon Jan  1 23:33:47 2018,2018,1,1,23,33,47,Mon Jan  1 23:37:19 2018,2018,1,1,23,37,19,0.058888888888888886,3.2757407106855703,694.4570306653409,long,cell_01_04,cell_02_03,N,N-E,short,slow,4,8,21,2018,1,1,Mon Jan  1 04:08:21 2018
1,291,539.1659967606728,608,484.68737502517916,1,2.0,1,2.0,Mon Jan  1 13:25:31 2018,2018,1,1,13,25,31,Mon Jan  1 23:35:01 2018,2018,1,1,23,35,1,10.158333333333333,0.008370625500436416,306.1137745509597,short,cell_01_01,cell_02_02,E,E-S,medium,slow,9,8,16,2018,1,1,Mon Jan  1 09:08:16 2018
1,67,529.201214594698,90,117.34466878709108,0,2.0,4,4.0,Mon Jan  1 02:04:34 2018,2018,1,1,2,4,34,Mon Jan  1 08:57:59 2018,2018,1,1,8,57,59,6.890277777777778,0.013948701334162684,345.9975365939054,medium,cell_00_04,cell_02_04,E,E-N,short,slow,6,10,19,2018,1,1,Mon Jan  1 06:10:19 2018
2,315,754.6592464404393,398,683.981430817357,1,3.0,3,1.0,Mon Jan  1 15:21:33 2018,2018,1,1,15,21,33,Mon Jan  1 18:06:51 2018,2018,1,1,18,6,51,2.7550000000000003,0.05033378450616262,499.2104747321208,medium,cell_01_03,cell_03_01,N,N-W,short,slow,3,10,12,2018,1,1,Mon Jan  1 03:10:12 2018
3,6,333.8892853092723,519,628.5048252646005,0,1.0,2,1.0,Mon Jan  1 23:52:08 2018,2018,1,1,23,52,8,Mon Jan  1 23:53:00 2018,2018,1,1,23,53,0,0.014444444444444446,9.601305439896946,499.2678828746412,medium,cell_00_02,cell_01_01,E,E-N,short,slow,3,19,11,2018,1,1,Mon Jan  1 03:19:11 2018
4,162,634.5868478593522,488,315.3652013240673,0,3.0,2,3.0,Mon Jan  1 04:46:22 2018,2018,1,1,4,46,22,Mon Jan  1 08:24:50 2018,2018,1,1,8,24,50,3.641111111111111,0.02161801153545939,283.3688952068017,short,cell_00_02,cell_03_03,W,W-S,short,slow,4,16,10,2018,1,1,Mon Jan  1 04:16:10 2018
2,357,665.266578457773,699,291.63316364447616,1,3.0,1,3.0,Mon Jan  1 14:37:10 2018,2018,1,1,14,37,10,Mon Jan  1 18:34:11 2018,2018,1,1,18,34,11,3.950277777777778,0.033238937674711505,472.6909326720723,medium,cell_01_01,cell_03_03,E,E-S,short,slow,7,12,18,2018,1,1,Mon Jan  1 07:12:18 2018
4,657,852.6115059472695,823,475.61737699518346,3,4.0,0,2.0,Mon Jan  1 18:15:01 2018,2018,1,1,18,15,1,Mon Jan  1 23:53:45 2018,2018,1,1,23,53,45,5.645555555555556,0.013805750790048843,280.58807905695267,short,cell_03_00,cell_04_02,S,S-E,short,slow,5,18,6,2018,1,1,Mon Jan  1 05:18:06 2018
2,718,454.5202268207146,546,810.065967503574,3,2.0,2,0.0,Mon Jan  1 16:43:08 2018,2018,1,1,16,43,8,Mon Jan  1 20:00:54 2018,2018,1,1,20,0,54,3.296111111111111,0.02086930892079624,247.6352196541682,short,cell_03_02,cell_02_00,W,W-S,short,slow,4,16,12,2018,1,1,Mon Jan  1 04:16:12 2018
3,669,361.85401259514,939,609.9397614699628,3,1.0,0,1.0,Mon Jan  1 23:05:17 2018,2018,1,1,23,5,17,Mon Jan  1 23:34:30 2018,2018,1,1,23,34,30,0.4869444444444444,0.4528330209352939,793.8162856995701,long,cell_03_00,cell_01_01,S,S-W,short,slow,4,19,9,2018,1,1,Mon Jan  1 04:19:09 2018
1,863,184.38312783048627,334,718.1444006732869,4,0.0,3,1.0,Mon Jan  1 23:43:34 2018,2018,1,1,23,43,34,Mon Jan  1 23:49:37 2018,2018,1,1,23,49,37,0.10083333333333333,1.6579563907139856,601.8381698291768,medium,cell_04_03,cell_00_01,W,W-N,short,slow,1,12,11,2018,1,1,Mon Jan  1 01:12:11 2018
0,696,970.8210887334295,533,591.587596572517,3,4.0,2,2.0,Mon Jan  1 18:31:32 2018,2018,1,1,18,31,32,Mon Jan  1 21:13:41 2018,2018,1,1,21,13,41,2.7025,0.035027670592476176,340.78420719420075,medium,cell_03_02,cell_04_02,S,S-E,short,slow,0,16,19,2018,1,1,Mon Jan  1 00:16:19 2018
0,754,514.9343347314159,803,305.0626531357748,3,2.0,0,3.0,Mon Jan  1 12:32:59 2018,2018,1,1,12,32,59,Mon Jan  1 20:34:13 2018,2018,1,1,20,34,13,8.020555555555555,0.02028201972225374,585.6230374603546,medium,cell_03_00,cell_02_03,S,S-W,short,slow,5,10,13,2018,1,1,Mon Jan  1 05:10:13 2018
0,808,752.0065608671323,572,836.580832251631,4,3.0,2,0.0,Mon Jan  1 20:31:12 2018,2018,1,1,20,31,12,Mon Jan  1 20:34:05 2018,2018,1,1,20,34,5,0.04805555555555555,4.02681251354164,696.6385648427037,long,cell_04_02,cell_03_00,W,W-S,short,slow,5,16,12,2018,1,1,Mon Jan  1 05:16:12 2018
0,908,476.4377923191605,836,306.2562120369608,4,2.0,0,3.0,Mon Jan  1 03:42:18 2018,2018,1,1,3,42,18,Mon Jan  1 12:54:36 2018,2018,1,1,12,54,36,9.205,0.021211100098166537,702.8934350530427,long,cell_04_00,cell_02_03,S,S-W,short,slow,6,13,14,2018,1,1,Mon Jan  1 06:13:14 2018
3,205,419.4971519115096,747,511.4770057452236,1,2.0,1,2.0,Mon Jan  1 12:43:01 2018,2018,1,1,12,43,1,Mon Jan  1 16:13:20 2018,2018,1,1,16,13,20,3.5052777777777777,0.0459557717336008,579.9158835063084,medium,cell_01_01,cell_02_02,S,S-E,short,slow,8,11,15,2018,1,1,Mon Jan  1 08:11:15 2018
0,68,715.6948873032127,290,175.64012019814913,0,3.0,3,4.0,Mon Jan  1 09:24:45 2018,2018,1,1,9,24,45,Mon Jan  1 17:16:40 2018,2018,1,1,17,16,40,7.865277777777778,0.01825203748703953,516.8064414455242,medium,cell_00_03,cell_03_04,E,E-N,short,slow,6,19,18,2018,1,1,Mon Jan  1 06:19:18 2018
2,128,455.5190136184386,497,314.2934038858157,0,2.0,2,3.0,Mon Jan  1 13:18:18 2018,2018,1,1,13,18,18,Mon Jan  1 20:25:39 2018,2018,1,1,20,25,39,7.1225000000000005,0.026165920508412738,670.920367756211,long,cell_00_02,cell_02_03,E,E-S,short,slow,9,18,15,2018,1,1,Mon Jan  1 09:18:15 2018
1,295,422.85640437548096,699,293.59829806351473,1,2.0,1,3.0,Mon Jan  1 00:59:42 2018,2018,1,1,0,59,42,Mon Jan  1 05:55:59 2018,2018,1,1,5,55,59,4.938055555555556,0.02112655718231399,375.5668070299958,medium,cell_01_01,cell_02_03,E,E-S,short,slow,7,19,17,2018,1,1,Mon Jan  1 07:19:17 2018
2,738,224.89335830867742,174,416.7132599357423,3,1.0,4,2.0,Mon Jan  1 09:08:05 2018,2018,1,1,9,8,5,Mon Jan  1 21:47:00 2018,2018,1,1,21,47,0,12.64861111111111,0.008810745528296306,401.1972976309723,medium,cell_03_04,cell_01_02,N,N-E,medium,slow,5,10,6,2018,1,1,Mon Jan  1 05:10:06 2018
2,403,515.1478560510832,307,720.040706811223,2,2.0,3,1.0,Mon Jan  1 15:44:48 2018,2018,1,1,15,44,48,Mon Jan  1 23:02:13 2018,2018,1,1,23,2,13,7.290277777777778,0.01142550802475365,299.86245810965954,short,cell_02_03,cell_02_01,N,N-W,short,slow,5,15,12,2018,1,1,Mon Jan  1 05:15:12 2018
2,762,346.8275882809842,102,277.5348188900703,3,1.0,4,3.0,Mon Jan  1 16:29:54 2018,2018,1,1,16,29,54,Mon Jan  1 22:23:58 2018,2018,1,1,22,23,58,5.901111111111111,0.01317216596790534,279.82949382218106,short,cell_03_04,cell_01_03,N,N-W,short,slow,2,0,11,2018,1,1,Mon Jan  1 02:00:11 2018
0,263,817.2049853903726,178,607.5229563854188,1,4.0,4,1.0,Mon Jan  1 09:23:37 2018,2018,1,1,9,23,37,Mon Jan  1 13:21:56 2018,2018,1,1,13,21,56,3.9719444444444445,0.03224600468451681,461.08562098390587,medium,cell_01_04,cell_04_01,N,N-E,short,slow,3,14,22,2018,1,1,Mon Jan  1 03:14:22 2018
0,681,471.6238478542768,860,545.5831608009448,3,2.0,0,2.0,Mon Jan  1 14:17:24 2018,2018,1,1,14,17,24,Mon Jan  1 22:40:54 2018,2018,1,1,22,40,54,8.391666666666667,0.020264415577884796,612.1879946078997,medium,cell_03_00,cell_02_02,S,S-W,short,slow,11,9,19,2018,1,1,Mon Jan  1 11:09:19 2018
1,995,584.1465183867587,108,234.96346190511875,4,2.0,4,3.0,Mon Jan  1 12:01:49 2018,2018,1,1,12,1,49,Mon Jan  1 21:36:18 2018,2018,1,1,21,36,18,9.574722222222222,0.021658871664416938,746.5596474007874,long,cell_04_04,cell_02_03,N,N-W,short,slow,5,13,16,2018,1,1,Mon Jan  1 05:13:16 2018
1,190,348.44429196852013,563,264.06873372648556,0,1.0,2,3.0,Mon Jan  1 10:55:54 2018,2018,1,1,10,55,54,Mon Jan  1 14:31:44 2018,2018,1,1,14,31,44,3.5972222222222223,0.018667454912277424,241.74354111399262,short,cell_00_02,cell_01_03,E,E-S,short,slow,6,24,16,2018,1,1,Mon Jan  1 06:24:16 2018
2,84,427.59134549706323,321,359.53049240939345,0,2.0,3,3.0,Mon Jan  1 10:22:23 2018,2018,1,1,10,22,23,Mon Jan  1 17:19:50 2018,2018,1,1,17,19,50,6.9575,0.03203802597412035,802.4564365737924,long,cell_00_03,cell_02_03,N,N-W,short,slow,7,14,13,2018,1,1,Mon Jan  1 07:14:13 2018
4,577,574.0419976773502,876,463.83891691233083,2,2.0,0,2.0,Mon Jan  1 23:28:55 2018,2018,1,1,23,28,55,Mon Jan  1 23:49:46 2018,2018,1,1,23,49,46,0.34750000000000003,0.49088704449768306,614.0996926666015,medium,cell_02_00,cell_02_02,S,S-E,short,slow,5,14,14,2018,1,1,Mon Jan  1 05:14:14 2018
4,890,453.3662346553621,279,218.082912889574,4,2.0,3,3.0,Mon Jan  1 23:24:39 2018,2018,1,1,23,24,39,Mon Jan  1 23:33:50 2018,2018,1,1,23,33,50,0.15305555555555556,1.3476840281362257,742.5738995030604,long,cell_04_03,cell_02_03,W,W-N,short,slow,10,11,17,2018,1,1,Mon Jan  1 10:11:17 2018
4,673,113.22905269470498,742,1000.0,3,0.0,1,-0.0,Mon Jan  1 19:27:23 2018,2018,1,1,19,27,23,Mon Jan  1 22:06:12 2018,2018,1,1,22,6,12,2.6469444444444443,0.018925497300611525,180.3410637775272,short,cell_03_01,cell_00_00,E,E-S,short,slow,6,7,5,2018,1,1,Mon Jan  1 06:07:05 2018
1,341,406.9156758275121,139,702.6925014061818,1,2.0,4,1.0,Mon Jan  1 16:24:57 2018,2018,1,1,16,24,57,Mon Jan  1 18:12:37 2018,2018,1,1,18,12,37,1.7944444444444445,0.08209456696881501,530.330902618545,medium,cell_01_04,cell_02_01,N,N-E,short,slow,7,13,15,2018,1,1,Mon Jan  1 07:13:15 2018
1,9,374.10002556595424,625,615.149115397072,0,1.0,1,1.0,Mon Jan  1 08:06:53 2018,2018,1,1,8,6,53,Mon Jan  1 21:03:50 2018,2018,1,1,21,3,50,12.949166666666667,0.010303518392706412,480.3191169127948,medium,cell_00_01,cell_01_01,E,E-S,medium,slow,11,15,20,2018,1,1,Mon Jan  1 11:15:20 2018
0,99,677.0661628436832,416,402.0709452851232,0,3.0,2,2.0,Mon Jan  1 19:19:33 2018,2018,1,1,19,19,33,Mon Jan  1 21:01:24 2018,2018,1,1,21,1,24,1.6975,0.04381223818976732,267.7365875776681,short,cell_00_02,cell_03_02,E,E-N,short,slow,8,13,14,2018,1,1,Mon Jan  1 08:13:14 2018
3,91,327.2000229719076,743,179.03241326424168,0,1.0,1,4.0,Mon Jan  1 05:59:12 2018,2018,1,1,5,59,12,Mon Jan  1 23:02:20 2018,2018,1,1,23,2,20,17.052222222222223,0.007990407329760271,490.5151251593235,medium,cell_00_01,cell_01_04,S,S-E,medium,slow,6,8,14,2018,1,1,Mon Jan  1 06:08:14 2018
2,862,325.23682852158106,774,194.79986877358988,4,1.0,1,4.0,Mon Jan  1 22:40:52 2018,2018,1,1,22,40,52,Mon Jan  1 22:45:42 2018,2018,1,1,22,45,42,0.08055555555555555,1.321949973634305,383.36549235394847,medium,cell_04_01,cell_01_04,W,W-S,short,slow,5,15,11,2018,1,1,Mon Jan  1 05:15:11 2018
1,919,712.8987605207044,72,797.0405028083927,4,3.0,4,1.0,Mon Jan  1 01:28:29 2018,2018,1,1,1,28,29,Mon Jan  1 17:40:44 2018,2018,1,1,17,40,44,16.204166666666666,0.012731359517688773,742.6838574643746,long,cell_04_04,cell_03_01,W,W-N,medium,slow,4,13,17,2018,1,1,Mon Jan  1 04:13:17 2018
1,945,306.41696512850746,468,615.3753724150828,4,1.0,2,1.0,Mon Jan  1 07:48:00 2018,2018,1,1,7,48,0,Mon Jan  1 19:44:36 2018,2018,1,1,19,44,36,11.943333333333333,0.015336324307449302,659.4005999230902,medium,cell_04_02,cell_01_01,W,W-S,medium,slow,9,19,6,2018,1,1,Mon Jan  1 09:19:06 2018
0,820,346.5206932469969,162,558.955304322118,4,1.0,4,2.0,Mon Jan  1 06:18:19 2018,2018,1,1,6,18,19,Mon Jan  1 11:20:35 2018,2018,1,1,11,20,35,5.0377777777777775,0.01938404565741701,351.54905204291487,medium,cell_04_04,cell_01_02,N,N-W,short,slow,9,9,23,2018,1,1,Mon Jan  1 09:09:23 2018
0,65,533.7361602844676,343,292.04605145603404,0,2.0,3,3.0,Mon Jan  1 15:34:48 2018,2018,1,1,15,34,48,Mon Jan  1 23:45:25 2018,2018,1,1,23,45,25,8.176944444444445,0.0230867294629033,679.6040551994844,long,cell_00_03,cell_02_03,N,N-E,short,slow,1,20,4,2018,1,1,Mon Jan  1 01:20:04 2018
4,765,689.8837483847747,370,499.431605025183,3,3.0,3,2.0,Mon Jan  1 21:47:04 2018,2018,1,1,21,47,4,Mon Jan  1 23:55:42 2018,2018,1,1,23,55,42,2.1438888888888887,0.03371238711293538,260.1922037376353,short,cell_03_03,cell_03_02,W,W-S,short,slow,6,12,12,2018,1,1,Mon Jan  1 06:12:12 2018
3,13,394.18389128021045,237,668.3110824785151,0,1.0,3,1.0,Mon Jan  1 03:51:28 2018,2018,1,1,3,51,28,Mon Jan  1 04:43:55 2018,2018,1,1,4,43,55,0.8741666666666668,0.24298096579279674,764.6610993499313,long,cell_00_03,cell_01_01,N,N-E,short,slow,5,17,9,2018,1,1,Mon Jan  1 05:17:09 2018
0,111,234.42025083290685,927,560.2189951076884,0,1.0,0,2.0,Mon Jan  1 14:23:49 2018,2018,1,1,14,23,49,Mon Jan  1 20:53:09 2018,2018,1,1,20,53,9,6.488888888888889,0.023298040969068512,544.2422370374404,medium,cell_00_00,cell_01_02,S,S-E,short,slow,5,4,18,2018,1,1,Mon Jan  1 05:04:18 2018
1,416,648.269716962098,275,201.34373045134646,2,3.0,3,3.0,Mon Jan  1 12:30:34 2018,2018,1,1,12,30,34,Mon Jan  1 21:43:42 2018,2018,1,1,21,43,42,9.21888888888889,0.013245719733794499,439.5989465251718,medium,cell_02_03,cell_03_03,N,N-E,short,slow,7,19,15,2018,1,1,Mon Jan  1 07:19:15 2018
3,517,503.8529973555355,307,232.39653438167213,2,2.0,3,3.0,Mon Jan  1 06:16:47 2018,2018,1,1,6,16,47,Mon Jan  1 21:04:53 2018,2018,1,1,21,4,53,14.801666666666668,0.005309357705852802,282.9144347140724,short,cell_02_03,cell_02_03,N,N-W,medium,slow,6,2,16,2018,1,1,Mon Jan  1 06:02:16 2018
1,142,513.1209797584048,567,525.6457570795851,0,2.0,2,2.0,Mon Jan  1 15:39:45 2018,2018,1,1,15,39,45,Mon Jan  1 15:54:49 2018,2018,1,1,15,54,49,0.2511111111111111,0.35836872881507115,323.9653308488243,short,cell_00_02,cell_02_02,S,S-E,short,slow,9,23,12,2018,1,1,Mon Jan  1 09:23:12 2018
1,670,423.11234800268903,545,346.5949330090123,3,2.0,2,3.0,Mon Jan  1 07:20:19 2018,2018,1,1,7,20,19,Mon Jan  1 17:28:34 2018,2018,1,1,17,28,34,10.1375,0.008134070938175374,296.8529188887103,short,cell_03_02,cell_02_03,E,E-N,medium,slow,7,6,18,2018,1,1,Mon Jan  1 07:06:18 2018
0,907,387.2400514464138,219,434.12908705848196,4,1.0,3,2.0,Mon Jan  1 13:47:16 2018,2018,1,1,13,47,16,Mon Jan  1 14:16:12 2018,2018,1,1,14,16,12,0.4822222222222222,0.5708374583181157,990.9738276402488,long,cell_04_03,cell_01_02,W,W-S,short,slow,7,9,19,2018,1,1,Mon Jan  1 07:09:19 2018
0,949,757.2452369483576,234,543.6186612188254,4,3.0,3,2.0,Mon Jan  1 05:01:11 2018,2018,1,1,5,1,11,Mon Jan  1 07:11:10 2018,2018,1,1,7,11,10,2.1663888888888887,0.09458708821936883,737.6847010228574,long,cell_04_03,cell_03_02,W,W-N,short,slow,4,10,15,2018,1,1,Mon Jan  1 04:10:15 2018
3,585,353.652795262804,626,304.58197505580046,2,1.0,1,3.0,Mon Jan  1 18:52:27 2018,2018,1,1,18,52,27,Mon Jan  1 23:55:48 2018,2018,1,1,23,55,48,5.055833333333334,0.0061582937589884906,112.08710470734951,short,cell_02_01,cell_01_03,S,S-E,short,slow,9,23,12,2018,1,1,Mon Jan  1 09:23:12 2018
1,687,643.1824588838307,81,493.0717510330426,3,3.0,4,2.0,Mon Jan  1 05:44:49 2018,2018,1,1,5,44,49,Mon Jan  1 15:48:30 2018,2018,1,1,15,48,30,10.061388888888889,0.010010235247239778,362.58073089027204,medium,cell_03_04,cell_03_02,W,W-N,medium,slow,5,17,23,2018,1,1,Mon Jan  1 05:17:23 2018
1,572,610.3109939562338,11,647.8080665388668,2,3.0,4,1.0,Mon Jan  1 22:12:21 2018,2018,1,1,22,12,21,Mon Jan  1 23:02:47 2018,2018,1,1,23,2,47,0.8405555555555555,0.2637424513574555,798.0846578076603,long,cell_02_04,cell_03_01,W,W-N,short,slow,3,16,29,2018,1,1,Mon Jan  1 03:16:29 2018
1,103,345.7489638675589,789,588.2239823853296,0,1.0,1,2.0,Mon Jan  1 09:13:31 2018,2018,1,1,9,13,31,Mon Jan  1 18:20:42 2018,2018,1,1,18,20,42,9.11972222222222,0.02997196060085962,984.0094384868222,long,cell_00_01,cell_01_02,E,E-S,short,slow,2,15,17,2018,1,1,Mon Jan  1 02:15:17 2018
2,491,191.04970293527012,365,561.7784813389857,2,0.0,3,2.0,Mon Jan  1 11:40:44 2018,2018,1,1,11,40,44,Mon Jan  1 11:58:36 2018,2018,1,1,11,58,36,0.2977777777777778,0.25228401274711787,270.4484616649104,short,cell_02_03,cell_00_02,W,W-N,short,slow,6,20,7,2018,1,1,Mon Jan  1 06:20:07 2018
0,281,387.0224910319432,337,626.1678586588316,1,1.0,3,1.0,Mon Jan  1 17:48:33 2018,2018,1,1,17,48,33,Mon Jan  1 23:06:33 2018,2018,1,1,23,6,33,5.3,0.0027962255323564717,53.35198315736148,short,cell_01_03,cell_01_01,E,E-N,short,slow,5,5,4,2018,1,1,Mon Jan  1 05:05:04 2018
4,819,464.26798816425065,398,436.53382797958415,4,2.0,3,2.0,Mon Jan  1 02:44:51 2018,2018,1,1,2,44,51,Mon Jan  1 21:17:57 2018,2018,1,1,21,17,57,18.551666666666666,0.006107120674704441,407.8701613808108,medium,cell_04_03,cell_02_02,N,N-W,medium,slow,5,25,17,2018,1,1,Mon Jan  1 05:25:17 2018
1,639,513.7191330332529,279,508.2984351315676,3,2.0,3,2.0,Mon Jan  1 00:58:41 2018,2018,1,1,0,58,41,Mon Jan  1 21:06:54 2018,2018,1,1,21,6,54,20.136944444444445,0.007395090798780779,536.092317276015,medium,cell_03_03,cell_02_02,N,N-W,long,slow,6,6,8,2018,1,1,Mon Jan  1 06:06:08 2018
3,676,622.4549079119057,467,516.9626879851756,3,3.0,2,2.0,Mon Jan  1 20:52:32 2018,2018,1,1,20,52,32,Mon Jan  1 23:51:35 2018,2018,1,1,23,51,35,2.984166666666667,0.035949910039451,386.20988355382207,medium,cell_03_02,cell_03_02,W,W-N,short,slow,3,11,16,2018,1,1,Mon Jan  1 03:11:16 2018
4,141,480.948070632462,179,546.2886839657093,0,2.0,4,2.0,Mon Jan  1 07:54:39 2018,2018,1,1,7,54,39,Mon Jan  1 11:31:35 2018,2018,1,1,11,31,35,3.6155555555555554,0.04152594502900503,540.5017004975294,medium,cell_00_04,cell_02_02,N,N-E,short,slow,8,16,19,2018,1,1,Mon Jan  1 08:16:19 2018
3,553,392.6157293309371,611,788.8597418323059,2,1.0,1,1.0,Mon Jan  1 20:08:15 2018,2018,1,1,20,8,15,Mon Jan  1 23:45:13 2018,2018,1,1,23,45,13,3.616111111111111,0.008146626169309303,106.05277947206851,short,cell_02_01,cell_01_01,N,N-E,short,slow,4,17,17,2018,1,1,Mon Jan  1 04:17:17 2018
0,305,434.3167966205846,268,471.3035755089879,1,2.0,3,2.0,Mon Jan  1 19:32:54 2018,2018,1,1,19,32,54,Mon Jan  1 21:22:11 2018,2018,1,1,21,22,11,1.821388888888889,0.041610074734979734,272.8372600372621,short,cell_01_03,cell_02_02,E,E-S,short,slow,6,12,0,2018,1,1,Mon Jan  1 06:12:00 2018
1,498,431.9881513425763,391,275.86090924277875,2,2.0,3,3.0,Mon Jan  1 07:29:55 2018,2018,1,1,7,29,55,Mon Jan  1 09:24:29 2018,2018,1,1,9,24,29,1.9094444444444443,0.016337087169524634,112.30113720331234,short,cell_02_03,cell_02_03,S,S-W,short,slow,5,1,25,2018,1,1,Mon Jan  1 05:01:25 2018
2,770,365.35732650858347,838,247.48450590512346,3,1.0,0,3.0,Mon Jan  1 03:42:23 2018,2018,1,1,3,42,23,Mon Jan  1 15:59:48 2018,2018,1,1,15,59,48,12.290277777777778,0.008476754146269302,375.0539872016853,medium,cell_03_00,cell_01_03,S,S-W,medium,slow,8,16,12,2018,1,1,Mon Jan  1 08:16:12 2018
4,353,242.52962855553483,737,245.85720680188902,1,1.0,1,3.0,Mon Jan  1 04:07:47 2018,2018,1,1,4,7,47,Mon Jan  1 23:51:49 2018,2018,1,1,23,51,49,19.733888888888888,0.006068064383291393,431.0874299177872,medium,cell_01_01,cell_01_03,S,S-E,medium,slow,5,16,11,2018,1,1,Mon Jan  1 05:16:11 2018
3,676,492.8939985037387,256,319.49939202581777,3,2.0,3,3.0,Mon Jan  1 07:47:20 2018,2018,1,1,7,47,20,Mon Jan  1 15:48:14 2018,2018,1,1,15,48,14,8.014999999999999,0.003135182614072357,90.4625591464438,short,cell_03_03,cell_02_03,W,W-N,short,slow,0,10,17,2018,1,1,Mon Jan  1 00:10:17 2018
4,727,437.2684449604524,823,405.6548288146341,3,2.0,0,2.0,Mon Jan  1 18:53:44 2018,2018,1,1,18,53,44,Mon Jan  1 22:08:34 2018,2018,1,1,22,8,34,3.2472222222222222,0.046647869451485684,545.3135938878677,medium,cell_03_00,cell_02_02,S,S-W,short,slow,5,14,15,2018,1,1,Mon Jan  1 05:14:15 2018
1,586,365.73179373154306,380,524.6648638155809,2,1.0,3,2.0,Mon Jan  1 20:45:54 2018,2018,1,1,20,45,54,Mon Jan  1 21:08:46 2018,2018,1,1,21,8,46,0.3811111111111111,0.33742898767090196,462.9525710844775,medium,cell_02_03,cell_01_02,S,S-E,short,slow,2,4,5,2018,1,1,Mon Jan  1 02:04:05 2018
0,295,445.8242340671305,164,544.8679693901879,1,2.0,4,2.0,Mon Jan  1 05:16:12 2018,2018,1,1,5,16,12,Mon Jan  1 15:50:51 2018,2018,1,1,15,50,51,10.577499999999999,0.0055641608564832275,211.87768125402482,short,cell_01_04,cell_02_02,N,N-W,medium,slow,0,7,10,2018,1,1,Mon Jan  1 00:07:10 2018
1,905,348.3223300972677,120,575.0179774939577,4,1.0,4,2.0,Mon Jan  1 13:16:17 2018,2018,1,1,13,16,17,Mon Jan  1 17:44:05 2018,2018,1,1,17,44,5,4.463333333333334,0.04619202547277871,742.2134652966083,long,cell_04_04,cell_01_02,W,W-N,short,slow,6,10,23,2018,1,1,Mon Jan  1 06:10:23 2018
3,563,174.43942307191622,522,554.2567395667761,2,0.0,2,2.0,Mon Jan  1 16:24:02 2018,2018,1,1,16,24,2,Mon Jan  1 23:49:41 2018,2018,1,1,23,49,41,7.427499999999999,0.013526063550748257,361.67341328345765,medium,cell_02_02,cell_00_02,S,S-E,short,slow,21,42,43,2018,1,1,Mon Jan  1 21:42:43 2018
0,168,669.9621409884709,965,453.91708113227065,0,3.0,0,2.0,Mon Jan  1 07:07:19 2018,2018,1,1,7,7,19,Mon Jan  1 13:43:25 2018,2018,1,1,13,43,25,6.6016666666666675,0.019346401792735158,459.78658500614375,medium,cell_00_00,cell_03_02,S,S-E,short,slow,14,45,40,2018,1,1,Mon Jan  1 14:45:40 2018
4,855,556.4463829247238,306,592.6947051526811,4,2.0,3,2.0,Mon Jan  1 22:41:50 2018,2018,1,1,22,41,50,Mon Jan  1 22:55:09 2018,2018,1,1,22,55,9,0.22194444444444444,0.3289517687723956,262.8324632491441,short,cell_04_03,cell_02_02,W,W-N,short,slow,21,38,33,2018,1,1,Mon Jan  1 21:38:33 2018
2,167,633.5693921045124,339,472.5963736771704,0,3.0,3,2.0,Mon Jan  1 23:11:53 2018,2018,1,1,23,11,53,Mon Jan  1 23:55:02 2018,2018,1,1,23,55,2,0.7191666666666666,0.23270034155444697,602.4611842844632,medium,cell_00_03,cell_03_02,E,E-N,short,slow,17,37,43,2018,1,1,Mon Jan  1 17:37:43 2018
3,909,469.6858163309107,633,452.06813825985586,4,2.0,1,2.0,Mon Jan  1 12:03:45 2018,2018,1,1,12,3,45,Mon Jan  1 23:31:12 2018,2018,1,1,23,31,12,11.457500000000001,0.008195468900829164,338.0385057525005,medium,cell_04_01,cell_02_02,S,S-W,medium,slow,17,45,48,2018,1,1,Mon Jan  1 17:45:48 2018
4,899,456.83303809051534,793,755.7041430728596,4,2.0,1,1.0,Mon Jan  1 11:53:53 2018,2018,1,1,11,53,53,Mon Jan  1 14:20:57 2018,2018,1,1,14,20,57,2.451111111111111,0.041258880262693885,364.0683594380108,medium,cell_04_01,cell_02_01,W,W-S,short,slow,18,35,45,2018,1,1,Mon Jan  1 18:35:45 2018
3,95,670.5223836315567,886,141.5230559532872,0,3.0,0,4.0,Mon Jan  1 06:24:32 2018,2018,1,1,6,24,32,Mon Jan  1 09:59:35 2018,2018,1,1,9,59,35,3.584166666666667,0.04385469751351223,565.8571620168483,medium,cell_00_00,cell_03_04,E,E-S,short,slow,18,41,37,2018,1,1,Mon Jan  1 18:41:37 2018
2,310,645.1938776105594,600,604.9113432178129,1,3.0,2,1.0,Mon Jan  1 20:22:38 2018,2018,1,1,20,22,38,Mon Jan  1 21:49:28 2018,2018,1,1,21,49,28,1.4472222222222222,0.06132199329494506,319.48758506666377,short,cell_01_02,cell_03_01,S,S-E,short,slow,16,39,32,2018,1,1,Mon Jan  1 16:39:32 2018
0,328,644.7356009541795,957,497.087017725226,1,3.0,0,2.0,Mon Jan  1 14:49:21 2018,2018,1,1,14,49,21,Mon Jan  1 21:10:43 2018,2018,1,1,21,10,43,6.356111111111111,0.03228350127681713,738.7110762161296,long,cell_01_00,cell_03_02,S,S-E,short,slow,18,44,44,2018,1,1,Mon Jan  1 18:44:44 2018
1,286,694.4603310016772,823,581.788276026084,1,3.0,0,2.0,Mon Jan  1 05:47:48 2018,2018,1,1,5,47,48,Mon Jan  1 09:57:45 2018,2018,1,1,9,57,45,4.1658333333333335,0.03301155850511206,495.0743429011656,medium,cell_01_00,cell_03_02,S,S-E,short,slow,17,41,39,2018,1,1,Mon Jan  1 17:41:39 2018
4,100,169.315987727858,229,378.4650404636821,0,0.0,3,3.0,Mon Jan  1 23:21:11 2018,2018,1,1,23,21,11,Mon Jan  1 23:26:09 2018,2018,1,1,23,26,9,0.08277777777777778,1.362020567609788,405.88212914771685,medium,cell_00_03,cell_00_03,N,N-E,short,slow,10,49,47,2018,1,1,Mon Jan  1 10:49:47 2018
4,241,150.61765353269126,166,448.5815666135374,1,0.0,4,2.0,Mon Jan  1 21:21:48 2018,2018,1,1,21,21,48,Mon Jan  1 23:47:45 2018,2018,1,1,23,47,45,2.4324999999999997,0.05737211227369517,502.4075871807486,medium,cell_01_04,cell_00_02,N,N-W,short,slow,16,50,45,2018,1,1,Mon Jan  1 16:50:45 2018
0,615,322.0940678967249,565,101.7950594651379,3,1.0,2,4.0,Mon Jan  1 13:18:41 2018,2018,1,1,13,18,41,Mon Jan  1 21:07:58 2018,2018,1,1,21,7,58,7.821388888888889,0.004503321746329346,126.8000304113954,short,cell_03_02,cell_01_04,W,W-S,short,slow,21,56,39,2018,1,1,Mon Jan  1 21:56:39 2018
4,859,445.9742999760565,381,279.84191823630186,4,2.0,3,3.0,Mon Jan  1 12:18:15 2018,2018,1,1,12,18,15,Mon Jan  1 17:29:05 2018,2018,1,1,17,29,5,5.180555555555555,0.02345537274684303,437.4427017286225,medium,cell_04_03,cell_02_03,W,W-N,short,slow,15,35,35,2018,1,1,Mon Jan  1 15:35:35 2018
4,327,569.7947259087384,509,284.5552188156292,1,2.0,2,3.0,Mon Jan  1 08:11:21 2018,2018,1,1,8,11,21,Mon Jan  1 19:04:13 2018,2018,1,1,19,4,13,10.881111111111112,0.01090613601176836,427.21515985299015,medium,cell_01_02,cell_02_03,S,S-E,medium,slow,19,44,28,2018,1,1,Mon Jan  1 19:44:28 2018
2,311,348.86872617938064,27,601.0220477882117,1,1.0,4,1.0,Mon Jan  1 06:34:00 2018,2018,1,1,6,34,0,Mon Jan  1 14:10:47 2018,2018,1,1,14,10,47,7.613055555555556,0.026606814953327108,729.212977425836,long,cell_01_04,cell_01_01,N,N-E,short,slow,22,46,44,2018,1,1,Mon Jan  1 22:46:44 2018
4,65,242.06503286222846,243,405.4202095167877,0,1.0,3,2.0,Mon Jan  1 09:49:27 2018,2018,1,1,9,49,27,Mon Jan  1 19:14:55 2018,2018,1,1,19,14,55,9.424444444444445,0.019894266410458453,674.9726707740343,long,cell_00_03,cell_01_02,E,E-N,short,slow,20,40,39,2018,1,1,Mon Jan  1 20:40:39 2018
0,231,794.1209322147479,192,221.94516997161708,1,3.0,4,3.0,Mon Jan  1 11:35:52 2018,2018,1,1,11,35,52,Mon Jan  1 17:25:58 2018,2018,1,1,17,25,58,5.835,0.0177593654754367,373.0532311770233,medium,cell_01_04,cell_03_03,N,N-E,short,slow,20,53,38,2018,1,1,Mon Jan  1 20:53:38 2018
2,535,501.0126741304415,444,304.8308125000702,2,2.0,2,3.0,Mon Jan  1 00:51:43 2018,2018,1,1,0,51,43,Mon Jan  1 16:55:48 2018,2018,1,1,16,55,48,16.068055555555556,0.002601286029105016,150.47139035357966,short,cell_02_02,cell_02_03,N,N-E,medium,slow,19,42,46,2018,1,1,Mon Jan  1 19:42:46 2018
1,227,855.7434380757098,232,446.01865434915015,1,4.0,3,2.0,Mon Jan  1 05:54:46 2018,2018,1,1,5,54,46,Mon Jan  1 06:45:32 2018,2018,1,1,6,45,32,0.8461111111111111,0.12057223809018612,367.26303722270694,medium,cell_01_03,cell_04_02,E,E-S,short,slow,16,50,39,2018,1,1,Mon Jan  1 16:50:39 2018
2,861,586.9184992165075,740,338.9433861857094,4,2.0,1,3.0,Mon Jan  1 07:49:53 2018,2018,1,1,7,49,53,Mon Jan  1 23:13:44 2018,2018,1,1,23,13,44,15.3975,0.003591729960813343,199.09318345784442,short,cell_04_01,cell_02_03,W,W-S,medium,slow,21,39,40,2018,1,1,Mon Jan  1 21:39:40 2018
3,127,352.14189821069345,307,307.8060460682813,0,1.0,3,3.0,Mon Jan  1 10:16:05 2018,2018,1,1,10,16,5,Mon Jan  1 20:04:13 2018,2018,1,1,20,4,13,9.802222222222222,0.01721779525746413,607.5815590453942,medium,cell_00_03,cell_01_03,N,N-E,short,slow,19,37,41,2018,1,1,Mon Jan  1 19:37:41 2018
1,262,374.0423449799089,534,470.0595498780724,1,1.0,2,2.0,Mon Jan  1 12:26:13 2018,2018,1,1,12,26,13,Mon Jan  1 13:29:46 2018,2018,1,1,13,29,46,1.0591666666666666,0.11257308446827632,429.2411710775376,medium,cell_01_02,cell_01_02,E,E-N,short,slow,19,53,58,2018,1,1,Mon Jan  1 19:53:58 2018
1,496,726.3054497935073,374,549.4777126117965,2,3.0,3,2.0,Mon Jan  1 03:31:41 2018,2018,1,1,3,31,41,Mon Jan  1 16:39:30 2018,2018,1,1,16,39,30,13.13027777777778,0.0014662898298117642,69.31005396537228,short,cell_02_03,cell_03_02,N,N-W,medium,slow,17,41,49,2018,1,1,Mon Jan  1 17:41:49 2018
4,840,78.31849289511679,73,605.6026652221948,4,0.0,4,1.0,Mon Jan  1 06:36:16 2018,2018,1,1,6,36,16,Mon Jan  1 19:18:08 2018,2018,1,1,19,18,8,12.697777777777778,0.008943575772730741,408.8287357230676,medium,cell_04_04,cell_00_01,N,N-W,medium,slow,17,39,41,2018,1,1,Mon Jan  1 17:39:41 2018
2,731,562.4962508275777,534,536.8680746286857,3,2.0,2,2.0,Mon Jan  1 05:20:06 2018,2018,1,1,5,20,6,Mon Jan  1 09:40:29 2018,2018,1,1,9,40,29,4.339722222222222,0.04239503362988862,662.3376103997499,long,cell_03_02,cell_02_02,W,W-N,short,slow,15,41,48,2018,1,1,Mon Jan  1 15:41:48 2018
0,81,200.1545268570394,501,841.5383717211427,0,1.0,2,0.0,Mon Jan  1 06:52:31 2018,2018,1,1,6,52,31,Mon Jan  1 13:08:43 2018,2018,1,1,13,8,43,6.27,0.01241517793900856,280.2353964393012,short,cell_00_02,cell_01_00,N,N-W,short,slow,18,49,44,2018,1,1,Mon Jan  1 18:49:44 2018
2,864,740.4277803009427,171,543.2478968705018,4,3.0,4,2.0,Mon Jan  1 02:36:59 2018,2018,1,1,2,36,59,Mon Jan  1 13:36:07 2018,2018,1,1,13,36,7,10.985555555555555,0.012486972054029346,493.8347707927526,medium,cell_04_04,cell_03_02,N,N-W,medium,slow,22,53,50,2018,1,1,Mon Jan  1 22:53:50 2018
4,940,500.3279577458167,247,304.8705959834679,4,2.0,3,3.0,Mon Jan  1 10:56:13 2018,2018,1,1,10,56,13,Mon Jan  1 12:03:56 2018,2018,1,1,12,3,56,1.1286111111111112,0.20032921521320238,813.9376014112413,long,cell_04_03,cell_02_03,W,W-N,short,slow,19,50,50,2018,1,1,Mon Jan  1 19:50:50 2018
2,969,800.9665481631121,326,401.3810062068116,4,4.0,3,2.0,Mon Jan  1 21:30:05 2018,2018,1,1,21,30,5,Mon Jan  1 23:55:41 2018,2018,1,1,23,55,41,2.4266666666666667,0.05825310447257883,508.89912067244865,medium,cell_04_03,cell_04_02,W,W-N,short,slow,13,46,35,2018,1,1,Mon Jan  1 13:46:35 2018
4,980,223.05310919427373,604,34.51812756287166,4,1.0,1,4.0,Mon Jan  1 20:34:24 2018,2018,1,1,20,34,24,Mon Jan  1 23:11:25 2018,2018,1,1,23,11,25,2.6169444444444445,0.05046710417677683,475.4505884494145,medium,cell_04_01,cell_01_04,W,W-S,short,slow,19,30,48,2018,1,1,Mon Jan  1 19:30:48 2018
1,443,463.9755758255462,706,64.54051308362628,2,2.0,1,4.0,Mon Jan  1 10:26:48 2018,2018,1,1,10,26,48,Mon Jan  1 16:18:54 2018,2018,1,1,16,18,54,5.868333333333334,0.028604830654942216,604.3056524163093,medium,cell_02_01,cell_02_04,E,E-S,short,slow,20,49,43,2018,1,1,Mon Jan  1 20:49:43 2018
3,262,285.1499841037002,829,488.76045882764504,1,1.0,0,2.0,Mon Jan  1 04:36:45 2018,2018,1,1,4,36,45,Mon Jan  1 06:00:50 2018,2018,1,1,6,0,50,1.4013888888888888,0.09057192150616752,456.93534399861517,medium,cell_01_00,cell_01_02,S,S-E,short,slow,18,43,49,2018,1,1,Mon Jan  1 18:43:49 2018
2,615,66.53628913108268,852,492.43985427179905,3,0.0,0,2.0,Mon Jan  1 15:26:12 2018,2018,1,1,15,26,12,Mon Jan  1 18:13:36 2018,2018,1,1,18,13,36,2.79,0.024241228591717616,243.47889997521173,short,cell_03_00,cell_00_02,W,W-S,short,slow,18,54,51,2018,1,1,Mon Jan  1 18:54:51 2018
2,351,493.86962723734894,584,720.8667155756584,1,2.0,2,1.0,Mon Jan  1 03:54:28 2018,2018,1,1,3,54,28,Mon Jan  1 04:25:03 2018,2018,1,1,4,25,3,0.5097222222222222,0.15007155952789858,275.3813117336939,short,cell_01_02,cell_02_01,S,S-E,short,slow,14,44,46,2018,1,1,Mon Jan  1 14:44:46 2018
2,505,343.26735579537836,592,561.8952002947201,2,1.0,2,2.0,Mon Jan  1 14:38:26 2018,2018,1,1,14,38,26,Mon Jan  1 14:49:08 2018,2018,1,1,14,49,8,0.17833333333333332,0.35538129783089517,228.1547932074347,short,cell_02_02,cell_01_02,S,S-E,short,slow,14,43,40,2018,1,1,Mon Jan  1 14:43:40 2018
1,100,482.84427436230726,776,509.73502132650736,0,2.0,1,2.0,Mon Jan  1 10:56:54 2018,2018,1,1,10,56,54,Mon Jan  1 11:20:39 2018,2018,1,1,11,20,39,0.3958333333333333,0.38379946048245966,546.914231187505,medium,cell_00_01,cell_02_02,S,S-E,short,slow,19,29,46,2018,1,1,Mon Jan  1 19:29:46 2018
4,351,125.83625885639007,749,406.3309574119283,1,0.0,1,2.0,Mon Jan  1 17:23:49 2018,2018,1,1,17,23,49,Mon Jan  1 21:21:29 2018,2018,1,1,21,21,29,3.961111111111111,0.040140759863541604,572.4072356541033,medium,cell_01_01,cell_00_02,S,S-E,short,slow,16,51,37,2018,1,1,Mon Jan  1 16:51:37 2018
0,968,297.69422852366387,742,435.52301589440845,4,1.0,1,2.0,Mon Jan  1 17:05:57 2018,2018,1,1,17,5,57,Mon Jan  1 19:03:26 2018,2018,1,1,19,3,26,1.9580555555555557,0.051515357908124504,363.1317578943696,medium,cell_04_01,cell_01_02,S,S-W,short,slow,15,52,43,2018,1,1,Mon Jan  1 15:52:43 2018
2,418,207.18787486473616,954,544.271019305715,2,1.0,0,2.0,Mon Jan  1 19:11:27 2018,2018,1,1,19,11,27,Mon Jan  1 23:26:00 2018,2018,1,1,23,26,0,4.242500000000001,0.02303461236715469,351.8076346835536,medium,cell_02_00,cell_01_02,S,S-W,short,slow,22,43,50,2018,1,1,Mon Jan  1 22:43:50 2018
1,283,787.5808782396803,909,381.72932664075347,1,3.0,0,3.0,Mon Jan  1 19:37:44 2018,2018,1,1,19,37,44,Mon Jan  1 20:15:45 2018,2018,1,1,20,15,45,0.6336111111111111,0.10839583292386265,247.25089489933072,short,cell_01_00,cell_03_03,W,W-S,short,slow,19,49,44,2018,1,1,Mon Jan  1 19:49:44 2018
1,406,554.4048026344734,430,183.81461895890726,2,2.0,2,4.0,Mon Jan  1 14:08:09 2018,2018,1,1,14,8,9,Mon Jan  1 20:47:41 2018,2018,1,1,20,47,41,6.65888888888889,0.018705550783210803,448.4094633751294,medium,cell_02_02,cell_02_04,W,W-S,short,slow,15,45,40,2018,1,1,Mon Jan  1 15:45:40 2018
1,669,338.1847202257542,304,410.65357671657785,3,1.0,3,2.0,Mon Jan  1 03:43:43 2018,2018,1,1,3,43,43,Mon Jan  1 05:23:56 2018,2018,1,1,5,23,56,1.6702777777777778,0.021873418853400134,131.52486756549501,short,cell_03_03,cell_01_02,E,E-N,short,slow,18,49,36,2018,1,1,Mon Jan  1 18:49:36 2018
3,43,286.00302416331306,345,137.8111848406065,0,1.0,3,4.0,Mon Jan  1 23:37:11 2018,2018,1,1,23,37,11,Mon Jan  1 23:50:12 2018,2018,1,1,23,50,12,0.21694444444444447,0.5847963764167252,456.7259699814624,medium,cell_00_03,cell_01_04,E,E-N,short,slow,18,38,47,2018,1,1,Mon Jan  1 18:38:47 2018
1,245,275.43189371329214,1,0.0,1,1.0,4,4,Mon Jan  1 02:07:26 2018,2018,1,1,2,7,26,Mon Jan  1 17:42:00 2018,2018,1,1,17,42,0,15.576111111111112,0.010181844214148144,570.936732464143,medium,cell_01_04,cell_01_04,N,N-E,medium,slow,18,35,36,2018,1,1,Mon Jan  1 18:35:36 2018
2,214,218.06831436713867,54,394.4842071335343,1,1.0,4,3.0,Mon Jan  1 20:57:55 2018,2018,1,1,20,57,55,Mon Jan  1 23:41:30 2018,2018,1,1,23,41,30,2.726388888888889,0.06620094562924465,649.7622813510362,medium,cell_01_04,cell_01_03,N,N-E,short,slow,19,40,40,2018,1,1,Mon Jan  1 19:40:40 2018
2,941,450.77878383734674,310,500.97555233456484,4,2.0,3,2.0,Mon Jan  1 12:38:22 2018,2018,1,1,12,38,22,Mon Jan  1 16:27:25 2018,2018,1,1,16,27,25,3.8175000000000003,0.03413484135943412,469.1151248027031,medium,cell_04_03,cell_02_02,W,W-N,short,slow,17,40,51,2018,1,1,Mon Jan  1 17:40:51 2018
0,983,686.0475575463583,79,599.5047493755643,4,3.0,4,2.0,Mon Jan  1 01:59:02 2018,2018,1,1,1,59,2,Mon Jan  1 23:12:36 2018,2018,1,1,23,12,36,21.22611111111111,0.009025591127953397,689.6815204514309,long,cell_04_04,cell_03_02,W,W-N,long,slow,20,46,35,2018,1,1,Mon Jan  1 20:46:35 2018
4,907,317.43040770375694,7,738.040040194918,4,1.0,4,1.0,Mon Jan  1 22:53:55 2018,2018,1,1,22,53,55,Mon Jan  1 23:44:44 2018,2018,1,1,23,44,44,0.8469444444444445,0.28706548710218943,875.2626701745755,long,cell_04_04,cell_01_01,N,N-W,short,slow,20,50,54,2018,1,1,Mon Jan  1 20:50:54 2018
2,606,375.8040174069889,394,501.52485480115837,3,1.0,3,2.0,Mon Jan  1 00:16:27 2018,2018,1,1,0,16,27,Mon Jan  1 02:14:05 2018,2018,1,1,2,14,5,1.9605555555555556,0.04302788795398985,303.6908331792604,short,cell_03_03,cell_01_02,S,S-E,short,slow,19,42,39,2018,1,1,Mon Jan  1 19:42:39 2018
2,575,753.4745747797792,993,288.64990970950225,2,3.0,0,3.0,Mon Jan  1 17:19:53 2018,2018,1,1,17,19,53,Mon Jan  1 22:51:53 2018,2018,1,1,22,51,53,5.533333333333333,0.028817425792381533,574.0431217842402,medium,cell_02_00,cell_03_03,S,S-W,short,slow,19,43,48,2018,1,1,Mon Jan  1 19:43:48 2018
1,672,476.10037502544884,316,814.7001009857174,3,2.0,3,0.0,Mon Jan  1 22:21:43 2018,2018,1,1,22,21,43,Mon Jan  1 23:39:44 2018,2018,1,1,23,39,44,1.3002777777777779,0.03476383054967697,162.72949080303792,short,cell_03_03,cell_02_00,N,N-E,short,slow,18,51,49,2018,1,1,Mon Jan  1 18:51:49 2018
3,141,414.095617215153,811,541.5537440192011,0,2.0,0,2.0,Mon Jan  1 20:01:51 2018,2018,1,1,20,1,51,Mon Jan  1 22:03:22 2018,2018,1,1,22,3,22,2.0252777777777777,0.07677414841902908,559.760316123141,medium,cell_00_00,cell_02_02,S,S-E,short,slow,15,49,48,2018,1,1,Mon Jan  1 15:49:48 2018
1,196,365.7017510028083,11,734.5103889966261,0,1.0,4,1.0,Mon Jan  1 18:45:12 2018,2018,1,1,18,45,12,Mon Jan  1 22:57:58 2018,2018,1,1,22,57,58,4.212777777777778,0.035846118786331316,543.6422375135007,medium,cell_00_04,cell_01_01,N,N-E,short,slow,19,35,50,2018,1,1,Mon Jan  1 19:35:50 2018
0,704,584.2764436326054,917,330.46707811384124,3,2.0,0,3.0,Mon Jan  1 13:24:18 2018,2018,1,1,13,24,18,Mon Jan  1 17:37:23 2018,2018,1,1,17,37,23,4.218055555555556,0.022012069628546883,334.2532773094844,medium,cell_03_00,cell_02_03,S,S-E,short,slow,19,48,49,2018,1,1,Mon Jan  1 19:48:49 2018
2,61,121.37421718331497,624,263.812268766284,0,0.0,1,3.0,Mon Jan  1 05:00:52 2018,2018,1,1,5,0,52,Mon Jan  1 08:58:58 2018,2018,1,1,8,58,58,3.9683333333333333,0.019221637771914428,274.60031720956954,short,cell_00_01,cell_00_03,E,E-S,short,slow,16,48,43,2018,1,1,Mon Jan  1 16:48:43 2018
2,438,502.9857645206177,615,325.24980877401174,2,2.0,1,3.0,Mon Jan  1 10:20:04 2018,2018,1,1,10,20,4,Mon Jan  1 20:00:23 2018,2018,1,1,20,0,23,9.671944444444446,0.014654694002431839,510.2617904706742,medium,cell_02_01,cell_02_03,S,S-E,short,slow,18,33,36,2018,1,1,Mon Jan  1 18:33:36 2018
2,512,211.62203502398782,642,338.1273489517395,2,1.0,1,3.0,Mon Jan  1 22:27:19 2018,2018,1,1,22,27,19,Mon Jan  1 23:06:07 2018,2018,1,1,23,6,7,0.6466666666666666,0.09377897306642786,218.31744929864408,short,cell_02_01,cell_01_03,S,S-E,short,slow,18,39,45,2018,1,1,Mon Jan  1 18:39:45 2018
1,376,335.46561734915423,835,347.7792157407799,1,1.0,0,3.0,Mon Jan  1 21:27:32 2018,2018,1,1,21,27,32,Mon Jan  1 23:39:18 2018,2018,1,1,23,39,18,2.196111111111111,0.07568283551441085,598.3484975769322,medium,cell_01_00,cell_01_03,S,S-E,short,slow,17,48,51,2018,1,1,Mon Jan  1 17:48:51 2018
1,33,770.2678938914473,232,657.3933988216742,0,3.0,3,1.0,Mon Jan  1 13:05:01 2018,2018,1,1,13,5,1,Mon Jan  1 19:05:05 2018,2018,1,1,19,5,5,6.001111111111111,0.02156462606341644,465.88218147404876,medium,cell_00_03,cell_03_01,N,N-E,short,slow,16,43,44,2018,1,1,Mon Jan  1 16:43:44 2018
0,22,268.32727244246195,624,834.2989445273228,0,1.0,1,0.0,Mon Jan  1 20:21:08 2018,2018,1,1,20,21,8,Mon Jan  1 21:22:16 2018,2018,1,1,21,22,16,1.018888888888889,0.1899360865585128,696.6855654966249,long,cell_00_01,cell_01_00,E,E-S,short,slow,17,41,48,2018,1,1,Mon Jan  1 17:41:48 2018
0,239,401.6513592387064,436,500.31512478939845,1,2.0,2,2.0,Mon Jan  1 04:52:24 2018,2018,1,1,4,52,24,Mon Jan  1 16:16:19 2018,2018,1,1,16,16,19,11.39861111111111,0.013416533712765353,550.5474609033263,medium,cell_01_02,cell_02_02,E,E-S,medium,slow,18,34,46,2018,1,1,Mon Jan  1 18:34:46 2018
2,51,685.0883615906366,28,488.7090949591315,0,3.0,4,2.0,Mon Jan  1 00:29:18 2018,2018,1,1,0,29,18,Mon Jan  1 10:54:03 2018,2018,1,1,10,54,3,10.4125,0.021455810902311336,804.2710716731405,long,cell_00_04,cell_03_02,N,N-E,medium,slow,20,48,41,2018,1,1,Mon Jan  1 20:48:41 2018
1,22,500.84464980529276,950,608.7827574567189,0,2.0,0,1.0,Mon Jan  1 23:34:17 2018,2018,1,1,23,34,17,Mon Jan  1 23:55:54 2018,2018,1,1,23,55,54,0.3602777777777778,0.4271455084388269,554.0077244451585,medium,cell_00_00,cell_02_01,E,E-S,short,slow,19,51,42,2018,1,1,Mon Jan  1 19:51:42 2018
4,952,356.11344034749845,157,136.67713147227244,4,1.0,4,4.0,Mon Jan  1 09:33:23 2018,2018,1,1,9,33,23,Mon Jan  1 17:38:14 2018,2018,1,1,17,38,14,8.080833333333334,0.01815480144217079,528.1413287541905,medium,cell_04_04,cell_01_04,W,W-N,short,slow,17,43,35,2018,1,1,Mon Jan  1 17:43:35 2018
2,607,435.1437695914649,354,682.4348819551811,3,2.0,3,1.0,Mon Jan  1 11:08:17 2018,2018,1,1,11,8,17,Mon Jan  1 23:37:07 2018,2018,1,1,23,37,7,12.480555555555556,0.012727429646617106,571.8434140225065,medium,cell_03_03,cell_02_01,W,W-N,medium,slow,18,49,39,2018,1,1,Mon Jan  1 18:49:39 2018
2,33,200.86259345780257,823,428.874136762895,0,1.0,0,2.0,Mon Jan  1 10:41:26 2018,2018,1,1,10,41,26,Mon Jan  1 21:08:08 2018,2018,1,1,21,8,8,10.445,0.020820682282350404,782.8992951809399,long,cell_00_00,cell_01_02,S,S-E,medium,slow,15,48,53,2018,1,1,Mon Jan  1 15:48:53 2018
3,867,502.2918246010516,193,291.6860250519971,4,2.0,4,3.0,Mon Jan  1 15:31:50 2018,2018,1,1,15,31,50,Mon Jan  1 16:03:36 2018,2018,1,1,16,3,36,0.5294444444444444,0.10364754603492649,197.55222274256988,short,cell_04_04,cell_02_03,W,W-N,short,slow,20,42,44,2018,1,1,Mon Jan  1 20:42:44 2018
4,215,526.9281847105464,581,371.603333145258,1,2.0,2,3.0,Mon Jan  1 20:31:36 2018,2018,1,1,20,31,36,Mon Jan  1 23:26:59 2018,2018,1,1,23,26,59,2.9230555555555555,0.038589881430410644,406.0813222922112,medium,cell_01_02,cell_02_03,S,S-W,short,slow,23,42,46,2018,1,1,Mon Jan  1 23:42:46 2018
0,891,519.7313321392893,394,520.7213216199342,4,2.0,3,2.0,Mon Jan  1 09:00:56 2018,2018,1,1,9,0,56,Mon Jan  1 16:31:49 2018,2018,1,1,16,31,49,7.514722222222222,0.01960299890088751,530.3199292657098,medium,cell_04_03,cell_02_02,W,W-S,short,slow,17,52,49,2018,1,1,Mon Jan  1 17:52:49 2018
4,822,637.8219060360187,205,484.3688288302409,4,3.0,3,2.0,Mon Jan  1 09:02:19 2018,2018,1,1,9,2,19,Mon Jan  1 23:00:32 2018,2018,1,1,23,0,32,13.970277777777778,0.008601103547147526,432.5753006966905,medium,cell_04_03,cell_03_02,W,W-N,medium,slow,19,44,43,2018,1,1,Mon Jan  1 19:44:43 2018
4,847,283.33054730959236,522,340.60329940440226,4,1.0,2,3.0,Mon Jan  1 00:01:15 2018,2018,1,1,0,1,15,Mon Jan  1 01:43:31 2018,2018,1,1,1,43,31,1.7044444444444444,0.11286583371156442,692.5447556541593,long,cell_04_02,cell_01_03,W,W-N,short,slow,21,45,48,2018,1,1,Mon Jan  1 21:45:48 2018
2,274,220.4349910747189,698,545.7516976122155,1,1.0,1,2.0,Mon Jan  1 00:24:03 2018,2018,1,1,0,24,3,Mon Jan  1 18:52:04 2018,2018,1,1,18,52,4,18.466944444444444,0.000944404760764029,62.78497290035341,short,cell_01_01,cell_01_02,W,W-S,medium,slow,15,48,59,2018,1,1,Mon Jan  1 15:48:59 2018
3,299,239.68520930947247,714,475.3097691197348,1,1.0,1,2.0,Mon Jan  1 14:07:24 2018,2018,1,1,14,7,24,Mon Jan  1 22:15:13 2018,2018,1,1,22,15,13,8.130277777777778,0.023029723607281456,674.056980261521,long,cell_01_01,cell_01_02,E,E-S,short,slow,18,38,34,2018,1,1,Mon Jan  1 18:38:34 2018
3,832,320.05257152661386,714,510.67053223462733,4,1.0,1,2.0,Mon Jan  1 15:23:15 2018,2018,1,1,15,23,15,Mon Jan  1 21:45:22 2018,2018,1,1,21,45,22,6.368611111111111,0.014200462079266162,325.5739940913353,short,cell_04_01,cell_01_02,S,S-W,short,slow,20,40,48,2018,1,1,Mon Jan  1 20:40:48 2018
3,43,251.1764287002074,752,582.6681184497332,0,1.0,1,2.0,Mon Jan  1 10:06:58 2018,2018,1,1,10,6,58,Mon Jan  1 13:15:23 2018,2018,1,1,13,15,23,3.1402777777777775,0.08349495931907701,943.9105151021656,long,cell_00_01,cell_01_02,S,S-E,short,slow,14,52,36,2018,1,1,Mon Jan  1 14:52:36 2018
2,210,1000.0,407,486.8316714014416,1,4,2,2.0,Mon Jan  1 10:04:00 2018,2018,1,1,10,4,0,Mon Jan  1 16:08:36 2018,2018,1,1,16,8,36,6.076666666666667,0.022859726108906343,500.07936835843515,medium,cell_01_02,cell_04_02,E,E-S,short,slow,17,45,45,2018,1,1,Mon Jan  1 17:45:45 2018
3,797,239.78241902754732,733,99.8740457916112,3,1.0,1,4.0,Mon Jan  1 09:04:50 2018,2018,1,1,9,4,50,Mon Jan  1 15:29:15 2018,2018,1,1,15,29,15,6.406944444444445,0.01973663451664989,455.2254751265297,medium,cell_03_01,cell_01_04,W,W-S,short,slow,20,52,39,2018,1,1,Mon Jan  1 20:52:39 2018
0,444,334.9248973922668,133,549.9818154438257,2,1.0,4,2.0,Mon Jan  1 00:20:23 2018,2018,1,1,0,20,23,Mon Jan  1 10:48:38 2018,2018,1,1,10,48,38,10.470833333333333,0.011595823855657196,437.104580238998,medium,cell_02_04,cell_01_02,N,N-E,medium,slow,14,38,36,2018,1,1,Mon Jan  1 14:38:36 2018
0,34,697.4659334410828,879,171.21743724909203,0,3.0,0,4.0,Mon Jan  1 18:30:06 2018,2018,1,1,18,30,6,Mon Jan  1 22:10:23 2018,2018,1,1,22,10,23,3.671388888888889,0.049417830864172785,653.1554705317717,medium,cell_00_00,cell_03_04,S,S-W,short,slow,18,40,46,2018,1,1,Mon Jan  1 18:40:46 2018
0,439,460.0233777579642,902,228.27283041838595,2,2.0,0,3.0,Mon Jan  1 07:22:47 2018,2018,1,1,7,22,47,Mon Jan  1 10:20:34 2018,2018,1,1,10,20,34,2.9630555555555556,0.03896123435592273,415.5994868746278,medium,cell_02_00,cell_02_03,S,S-W,short,slow,17,48,34,2018,1,1,Mon Jan  1 17:48:34 2018
0,829,331.30344641781363,30,151.83964143790547,4,1.0,4,4.0,Mon Jan  1 14:04:49 2018,2018,1,1,14,4,49,Mon Jan  1 15:40:37 2018,2018,1,1,15,40,37,1.5966666666666667,0.04397228626256833,252.75270143724273,short,cell_04_04,cell_01_04,W,W-N,short,slow,17,38,33,2018,1,1,Mon Jan  1 17:38:33 2018
4,275,239.3034312259597,6,303.38479007547414,1,1.0,4,3.0,Mon Jan  1 22:14:08 2018,2018,1,1,22,14,8,Mon Jan  1 22:14:17 2018,2018,1,1,22,14,17,0.0025,76.67237185153255,690.051346663793,long,cell_01_04,cell_01_03,N,N-E,short,slow,19,42,47,2018,1,1,Mon Jan  1 19:42:47 2018
2,866,587.042084797285,854,499.0776250243479,4,2.0,0,2.0,Mon Jan  1 14:58:44 2018,2018,1,1,14,58,44,Mon Jan  1 22:33:27 2018,2018,1,1,22,33,27,7.578611111111111,0.028767756424793373,784.8706985376376,long,cell_04_00,cell_02_02,S,S-W,short,slow,19,42,47,2018,1,1,Mon Jan  1 19:42:47 2018
0,879,710.1537444680804,521,360.15568510786403,4,3.0,2,3.0,Mon Jan  1 12:21:59 2018,2018,1,1,12,21,59,Mon Jan  1 14:45:55 2018,2018,1,1,14,45,55,2.398888888888889,0.031873267226132665,275.2575357648817,short,cell_04_02,cell_03_03,S,S-W,short,slow,20,42,39,2018,1,1,Mon Jan  1 20:42:39 2018
3,874,217.4059506821121,90,404.1514536442534,4,1.0,4,2.0,Mon Jan  1 01:47:25 2018,2018,1,1,1,47,25,Mon Jan  1 04:02:41 2018,2018,1,1,4,2,41,2.2544444444444447,0.09904583634126528,803.856007745709,long,cell_04_04,cell_01_02,N,N-W,short,slow,19,50,51,2018,1,1,Mon Jan  1 19:50:51 2018
0,330,172.19976536691019,788,76.35928921668464,1,0.0,1,4.0,Mon Jan  1 12:26:07 2018,2018,1,1,12,26,7,Mon Jan  1 14:21:54 2018,2018,1,1,14,21,54,1.9297222222222221,0.055714631956432635,387.04954820133753,medium,cell_01_01,cell_00_04,E,E-S,short,slow,17,43,40,2018,1,1,Mon Jan  1 17:43:40 2018
3,764,172.46478350527727,807,363.39082230672585,3,0.0,0,3.0,Mon Jan  1 10:37:14 2018,2018,1,1,10,37,14,Mon Jan  1 17:23:45 2018,2018,1,1,17,23,45,6.775277777777777,0.01224706300744044,298.71811381447975,short,cell_03_00,cell_00_03,W,W-S,short,slow,19,50,37,2018,1,1,Mon Jan  1 19:50:37 2018
0,700,620.5919377158623,10,467.607655411775,3,3.0,4,2.0,Mon Jan  1 08:52:38 2018,2018,1,1,8,52,38,Mon Jan  1 20:35:56 2018,2018,1,1,20,35,56,11.721666666666666,0.013206054912451947,557.2691051956473,medium,cell_03_04,cell_03_02,N,N-W,medium,slow,16,50,49,2018,1,1,Mon Jan  1 16:50:49 2018
4,828,494.36604883852806,908,339.0810885999444,4,2.0,0,3.0,Mon Jan  1 23:17:12 2018,2018,1,1,23,17,12,Mon Jan  1 23:55:59 2018,2018,1,1,23,55,59,0.6463888888888889,0.2956720427522661,688.0288434845232,long,cell_04_00,cell_02_03,S,S-W,short,slow,18,50,32,2018,1,1,Mon Jan  1 18:50:32 2018
3,799,733.0320295731607,401,424.02148617566655,3,3.0,2,2.0,Mon Jan  1 05:53:40 2018,2018,1,1,5,53,40,Mon Jan  1 20:50:09 2018,2018,1,1,20,50,9,14.94138888888889,0.010574011522236273,568.7655057695669,medium,cell_03_02,cell_03_02,W,W-N,medium,slow,21,43,47,2018,1,1,Mon Jan  1 21:43:47 2018
1,785,437.73392116471217,55,307.2415814152821,3,2.0,4,3.0,Mon Jan  1 01:23:02 2018,2018,1,1,1,23,2,Mon Jan  1 01:57:49 2018,2018,1,1,1,57,49,0.5797222222222221,0.3116772102248136,650.470337739186,medium,cell_03_04,cell_02_03,N,N-W,short,slow,19,39,51,2018,1,1,Mon Jan  1 19:39:51 2018
1,7,510.5067820091577,617,592.0189754271888,0,2.0,1,2.0,Mon Jan  1 13:37:43 2018,2018,1,1,13,37,43,Mon Jan  1 17:39:19 2018,2018,1,1,17,39,19,4.026666666666666,0.04274257827911372,619.5964147340325,medium,cell_00_01,cell_02_02,E,E-N,short,slow,12,51,48,2018,1,1,Mon Jan  1 12:51:48 2018
2,571,880.1940112510385,656,581.0412149584746,2,4.0,1,2.0,Mon Jan  1 13:34:11 2018,2018,1,1,13,34,11,Mon Jan  1 17:37:57 2018,2018,1,1,17,37,57,4.062777777777778,0.009910894317358605,144.95674028568695,short,cell_02_01,cell_04_02,W,W-S,short,slow,15,48,42,2018,1,1,Mon Jan  1 15:48:42 2018
3,165,359.651136015081,493,740.5811542372476,0,1.0,2,1.0,Mon Jan  1 11:40:29 2018,2018,1,1,11,40,29,Mon Jan  1 14:40:51 2018,2018,1,1,14,40,51,3.006111111111111,0.021515794265140793,232.84392553735364,short,cell_00_02,cell_01_01,E,E-N,short,slow,15,41,43,2018,1,1,Mon Jan  1 15:41:43 2018
2,359,444.85250480945894,388,521.7534926191403,1,2.0,3,2.0,Mon Jan  1 03:52:25 2018,2018,1,1,3,52,25,Mon Jan  1 09:30:48 2018,2018,1,1,9,30,48,5.639722222222222,0.0071752419021142945,145.67893633862653,short,cell_01_03,cell_02_02,E,E-N,short,slow,14,47,42,2018,1,1,Mon Jan  1 14:47:42 2018
0,965,169.60585544999,16,693.0443113956638,4,0.0,4,1.0,Mon Jan  1 12:51:07 2018,2018,1,1,12,51,7,Mon Jan  1 15:11:06 2018,2018,1,1,15,11,6,2.333055555555555,0.07524479586728193,631.9810404893009,medium,cell_04_04,cell_00_01,N,N-W,short,slow,19,43,48,2018,1,1,Mon Jan  1 19:43:48 2018
0,45,872.5815190364119,822,553.2766735797833,0,4.0,0,2.0,Mon Jan  1 21:43:38 2018,2018,1,1,21,43,38,Mon Jan  1 22:36:11 2018,2018,1,1,22,36,11,0.8758333333333332,0.16814127234568274,530.1494317059377,medium,cell_00_00,cell_04_02,S,S-E,short,slow,21,47,44,2018,1,1,Mon Jan  1 21:47:44 2018
4,153,252.94062817773016,866,629.2229395318407,0,1.0,0,1.0,Mon Jan  1 04:06:14 2018,2018,1,1,4,6,14,Mon Jan  1 18:04:08 2018,2018,1,1,18,4,8,13.965,0.012045476566544509,605.5742889064586,medium,cell_00_00,cell_01_01,E,E-S,medium,slow,18,39,41,2018,1,1,Mon Jan  1 18:39:41 2018
0,889,468.0120503387356,795,440.9604028513738,4,2.0,1,2.0,Mon Jan  1 10:49:54 2018,2018,1,1,10,49,54,Mon Jan  1 18:12:11 2018,2018,1,1,18,12,11,7.371388888888889,0.021752200138550403,577.2381350767121,medium,cell_04_01,cell_02_02,W,W-S,short,slow,20,44,47,2018,1,1,Mon Jan  1 20:44:47 2018
0,254,537.3002853214983,579,532.7321307941394,1,2.0,2,2.0,Mon Jan  1 16:24:09 2018,2018,1,1,16,24,9,Mon Jan  1 22:44:12 2018,2018,1,1,22,44,12,6.3341666666666665,0.006942578243000696,158.3116116751449,short,cell_01_02,cell_02_02,S,S-E,short,slow,18,44,48,2018,1,1,Mon Jan  1 18:44:48 2018
3,912,282.9450256110276,442,403.320758213939,4,1.0,2,2.0,Mon Jan  1 17:11:25 2018,2018,1,1,17,11,25,Mon Jan  1 18:25:54 2018,2018,1,1,18,25,54,1.2413888888888889,0.05757713622372149,257.3122217838113,short,cell_04_02,cell_01_02,S,S-W,short,slow,15,39,41,2018,1,1,Mon Jan  1 15:39:41 2018
4,886,422.2833735283528,784,700.5067874708279,4,2.0,1,1.0,Mon Jan  1 19:09:52 2018,2018,1,1,19,9,52,Mon Jan  1 22:02:42 2018,2018,1,1,22,2,42,2.8805555555555555,0.06494274615764449,673.4562776547734,long,cell_04_01,cell_02_01,W,W-S,short,slow,14,52,33,2018,1,1,Mon Jan  1 14:52:33 2018
2,542,425.9460987637859,662,427.75078625595404,2,2.0,1,2.0,Mon Jan  1 06:04:20 2018,2018,1,1,6,4,20,Mon Jan  1 20:43:25 2018,2018,1,1,20,43,25,14.65138888888889,0.002406412161655127,126.92620946649967,short,cell_02_01,cell_02_02,S,S-W,medium,slow,15,46,46,2018,1,1,Mon Jan  1 15:46:46 2018
3,100,563.1764103713956,337,527.0136757677561,0,2.0,3,2.0,Mon Jan  1 05:03:15 2018,2018,1,1,5,3,15,Mon Jan  1 11:28:12 2018,2018,1,1,11,28,12,6.4158333333333335,0.03283956838104459,758.495510896987,long,cell_00_03,cell_02_02,E,E-N,short,slow,13,49,35,2018,1,1,Mon Jan  1 13:49:35 2018
0,683,155.73654601782533,182,462.92510144684223,3,0.0,4,2.0,Mon Jan  1 17:56:39 2018,2018,1,1,17,56,39,Mon Jan  1 23:46:57 2018,2018,1,1,23,46,57,5.838333333333334,0.017720976312014348,372.4594801259176,medium,cell_03_04,cell_00_02,N,N-W,short,slow,21,43,46,2018,1,1,Mon Jan  1 21:43:46 2018
2,144,463.60032249295307,84,465.7266566070828,0,2.0,4,2.0,Mon Jan  1 13:52:30 2018,2018,1,1,13,52,30,Mon Jan  1 15:52:07 2018,2018,1,1,15,52,7,1.993611111111111,0.10520432063381358,755.05140918888,long,cell_00_04,cell_02_02,E,E-N,short,slow,20,54,50,2018,1,1,Mon Jan  1 20:54:50 2018
3,509,490.46809967836367,964,477.20357946178643,2,2.0,0,2.0,Mon Jan  1 04:54:16 2018,2018,1,1,4,54,16,Mon Jan  1 09:48:29 2018,2018,1,1,9,48,29,4.90361111111111,0.018472481081735357,326.09470853587425,short,cell_02_00,cell_02_02,E,E-N,short,slow,12,46,54,2018,1,1,Mon Jan  1 12:46:54 2018
2,769,289.79873407315176,360,739.5993011553771,3,1.0,3,1.0,Mon Jan  1 10:48:13 2018,2018,1,1,10,48,13,Mon Jan  1 12:58:42 2018,2018,1,1,12,58,42,2.174722222222222,0.013731086655270864,107.5006774241156,short,cell_03_03,cell_01_01,N,N-W,short,slow,20,45,53,2018,1,1,Mon Jan  1 20:45:53 2018
3,331,465.5860697590563,224,145.12191042076387,1,2.0,3,4.0,Mon Jan  1 23:38:27 2018,2018,1,1,23,38,27,Mon Jan  1 23:52:13 2018,2018,1,1,23,52,13,0.22944444444444445,0.5043038727441227,416.5549988866453,medium,cell_01_03,cell_02_04,N,N-E,short,slow,18,49,48,2018,1,1,Mon Jan  1 18:49:48 2018
1,777,637.9646629494894,558,83.353620164819,3,3.0,2,4.0,Mon Jan  1 21:36:39 2018,2018,1,1,21,36,39,Mon Jan  1 23:07:15 2018,2018,1,1,23,7,15,1.51,0.0937885682221012,509.83465685534213,medium,cell_03_02,cell_03_04,W,W-S,short,slow,17,51,49,2018,1,1,Mon Jan  1 17:51:49 2018
3,179,711.7082919605567,102,381.10874455008593,0,3.0,4,3.0,Mon Jan  1 07:02:25 2018,2018,1,1,7,2,25,Mon Jan  1 12:43:50 2018,2018,1,1,12,43,50,5.690277777777778,0.04120221444744174,844.027362955844,long,cell_00_04,cell_03_03,N,N-E,short,slow,19,48,47,2018,1,1,Mon Jan  1 19:48:47 2018
0,562,627.0027223759739,350,619.2870449426389,2,3.0,3,1.0,Mon Jan  1 22:44:04 2018,2018,1,1,22,44,4,Mon Jan  1 23:47:02 2018,2018,1,1,23,47,2,1.0494444444444444,0.06840735491629657,258.44298687376846,short,cell_02_03,cell_03_01,N,N-W,short,slow,19,49,47,2018,1,1,Mon Jan  1 19:49:47 2018
1,951,259.1805208704397,594,660.0177778476597,4,1.0,2,1.0,Mon Jan  1 11:23:04 2018,2018,1,1,11,23,4,Mon Jan  1 21:14:17 2018,2018,1,1,21,14,17,9.853611111111112,0.020771582424855457,736.8303433568976,long,cell_04_02,cell_01_01,W,W-N,short,slow,20,41,47,2018,1,1,Mon Jan  1 20:41:47 2018
1,24,463.0749875644862,945,390.7056611900994,0,2.0,0,3.0,Mon Jan  1 13:00:49 2018,2018,1,1,13,0,49,Mon Jan  1 20:51:16 2018,2018,1,1,20,51,16,7.840833333333333,0.02332151411334181,658.2963788772993,medium,cell_00_00,cell_02_03,E,E-S,short,slow,20,48,47,2018,1,1,Mon Jan  1 20:48:47 2018
1,12,797.3630556044992,955,662.7066068593632,0,3.0,0,1.0,Mon Jan  1 20:57:32 2018,2018,1,1,20,57,32,Mon Jan  1 21:58:29 2018,2018,1,1,21,58,29,1.0158333333333334,0.21440349936121192,784.073597163952,long,cell_00_00,cell_03_01,E,E-S,short,slow,21,30,36,2018,1,1,Mon Jan  1 21:30:36 2018
3,106,395.15852018296476,643,574.3421500440481,0,1.0,1,2.0,Mon Jan  1 17:34:54 2018,2018,1,1,17,34,54,Mon Jan  1 21:11:54 2018,2018,1,1,21,11,54,3.6166666666666667,0.032504673133259485,423.2108441950385,medium,cell_00_01,cell_01_02,E,E-S,short,slow,20,51,39,2018,1,1,Mon Jan  1 20:51:39 2018
1,44,774.0654562539331,274,642.8086736711093,0,3.0,3,1.0,Mon Jan  1 19:20:27 2018,2018,1,1,19,20,27,Mon Jan  1 23:51:06 2018,2018,1,1,23,51,6,4.510833333333333,0.04441402466060543,721.2393464635716,long,cell_00_03,cell_03_01,E,E-N,short,slow,17,42,45,2018,1,1,Mon Jan  1 17:42:45 2018
2,846,317.2331271058895,319,473.10251345002615,4,1.0,3,2.0,Mon Jan  1 03:06:44 2018,2018,1,1,3,6,44,Mon Jan  1 22:33:05 2018,2018,1,1,22,33,5,19.439166666666665,0.005497971433864483,384.7535389132704,medium,cell_04_03,cell_01_02,W,W-N,medium,slow,18,44,49,2018,1,1,Mon Jan  1 18:44:49 2018
4,642,259.5735275460572,803,432.9085700902057,3,1.0,0,2.0,Mon Jan  1 19:16:41 2018,2018,1,1,19,16,41,Mon Jan  1 21:35:28 2018,2018,1,1,21,35,28,2.3130555555555556,0.058191597063915586,484.5614287512251,medium,cell_03_00,cell_01_02,S,S-W,short,slow,14,39,43,2018,1,1,Mon Jan  1 14:39:43 2018
2,133,195.14703078955102,123,445.3723247160297,0,0.0,4,2.0,Mon Jan  1 06:13:16 2018,2018,1,1,6,13,16,Mon Jan  1 14:09:36 2018,2018,1,1,14,9,36,7.938888888888888,0.0262371544593483,749.8578744481745,long,cell_00_04,cell_00_02,N,N-E,short,slow,19,43,42,2018,1,1,Mon Jan  1 19:43:42 2018
0,534,591.0899362357509,772,547.9394706433507,2,2.0,1,2.0,Mon Jan  1 22:09:32 2018,2018,1,1,22,9,32,Mon Jan  1 23:34:13 2018,2018,1,1,23,34,13,1.411388888888889,0.07057166490360349,358.5746293752093,medium,cell_02_01,cell_02_02,S,S-E,short,slow,17,46,52,2018,1,1,Mon Jan  1 17:46:52 2018
1,847,777.7408909849853,158,251.96427428075015,4,3.0,4,3.0,Mon Jan  1 14:41:00 2018,2018,1,1,14,41,0,Mon Jan  1 17:04:47 2018,2018,1,1,17,4,47,2.3963888888888887,0.056192559509190804,484.77321088578907,medium,cell_04_04,cell_03_03,N,N-W,short,slow,14,51,42,2018,1,1,Mon Jan  1 14:51:42 2018
0,38,247.10950620493094,334,526.601504326279,0,1.0,3,2.0,Mon Jan  1 09:06:32 2018,2018,1,1,9,6,32,Mon Jan  1 21:37:27 2018,2018,1,1,21,37,27,12.515277777777778,0.010236899725588427,461.22351713638653,medium,cell_00_03,cell_01_02,E,E-N,medium,slow,20,41,43,2018,1,1,Mon Jan  1 20:41:43 2018
1,321,450.4214300666686,98,433.75172821884325,1,2.0,4,2.0,Mon Jan  1 18:21:48 2018,2018,1,1,18,21,48,Mon Jan  1 20:27:23 2018,2018,1,1,20,27,23,2.0930555555555554,0.07017754819883454,528.7878256782183,medium,cell_01_04,cell_02_02,N,N-E,short,slow,17,46,44,2018,1,1,Mon Jan  1 17:46:44 2018
2,435,48.362700803046145,365,358.5299709077341,2,0.0,3,3.0,Mon Jan  1 21:26:29 2018,2018,1,1,21,26,29,Mon Jan  1 22:52:13 2018,2018,1,1,22,52,13,1.4288888888888889,0.027598242503088236,141.9653594358859,short,cell_02_03,cell_00_03,S,S-E,short,slow,19,46,49,2018,1,1,Mon Jan  1 19:46:49 2018
0,401,400.9196505856388,622,476.47199044611995,2,2.0,1,2.0,Mon Jan  1 18:09:18 2018,2018,1,1,18,9,18,Mon Jan  1 21:12:04 2018,2018,1,1,21,12,4,3.046111111111111,0.03135305358860545,343.8175856526473,medium,cell_02_01,cell_02_02,W,W-S,short,slow,21,49,41,2018,1,1,Mon Jan  1 21:49:41 2018
1,741,378.05888423419384,23,558.0946004199128,3,1.0,4,2.0,Mon Jan  1 19:26:37 2018,2018,1,1,19,26,37,Mon Jan  1 21:10:12 2018,2018,1,1,21,10,12,1.7263888888888888,0.07478600399797529,464.7950148474164,medium,cell_03_04,cell_01_02,N,N-W,short,slow,15,34,45,2018,1,1,Mon Jan  1 15:34:45 2018
1,835,282.76563437956173,606,531.3278526137232,4,1.0,1,2.0,Mon Jan  1 03:38:59 2018,2018,1,1,3,38,59,Mon Jan  1 16:28:53 2018,2018,1,1,16,28,53,12.831666666666667,0.008761530394831837,404.7301350588619,medium,cell_04_01,cell_01_02,W,W-S,medium,slow,20,43,39,2018,1,1,Mon Jan  1 20:43:39 2018
0,631,644.6826694760828,646,440.3604229022017,3,3.0,1,2.0,Mon Jan  1 08:00:40 2018,2018,1,1,8,0,40,Mon Jan  1 17:08:04 2018,2018,1,1,17,8,4,9.123333333333333,0.010459525662103397,343.532660846124,medium,cell_03_01,cell_03_02,W,W-N,short,slow,17,45,50,2018,1,1,Mon Jan  1 17:45:50 2018
4,318,776.5365416220558,317,434.2906642000953,1,3.0,3,2.0,Mon Jan  1 10:35:42 2018,2018,1,1,10,35,42,Mon Jan  1 15:11:56 2018,2018,1,1,15,11,56,4.603888888888889,0.0045998365796533665,76.2376914711749,short,cell_01_03,cell_03_02,N,N-W,short,slow,20,47,46,2018,1,1,Mon Jan  1 20:47:46 2018
2,613,518.0565089487079,643,500.6455700409264,3,2.0,1,2.0,Mon Jan  1 21:28:02 2018,2018,1,1,21,28,2,Mon Jan  1 22:48:11 2018,2018,1,1,22,48,11,1.3358333333333334,0.0634031848292333,304.9059158437829,short,cell_03_01,cell_02_02,W,W-N,short,slow,17,49,43,2018,1,1,Mon Jan  1 17:49:43 2018
0,978,619.6239362487865,403,526.4153971624811,4,3.0,2,2.0,Mon Jan  1 15:31:36 2018,2018,1,1,15,31,36,Mon Jan  1 23:38:19 2018,2018,1,1,23,38,19,8.111944444444443,0.014874534006379711,434.3810165883067,medium,cell_04_02,cell_03_02,N,N-W,short,slow,19,48,37,2018,1,1,Mon Jan  1 19:48:37 2018
3,317,676.4969883485811,394,373.7692186326775,1,3.0,3,3.0,Mon Jan  1 17:53:15 2018,2018,1,1,17,53,15,Mon Jan  1 23:30:13 2018,2018,1,1,23,30,13,5.616111111111111,0.01346678999211117,272.27156006050365,short,cell_01_03,cell_03_03,E,E-N,short,slow,17,58,42,2018,1,1,Mon Jan  1 17:58:42 2018
2,438,545.8747383547803,274,774.6798529237103,2,2.0,3,1.0,Mon Jan  1 21:28:38 2018,2018,1,1,21,28,38,Mon Jan  1 22:28:43 2018,2018,1,1,22,28,43,1.0013888888888889,0.04462435753278894,160.87080890570414,short,cell_02_03,cell_02_01,S,S-E,short,slow,14,42,42,2018,1,1,Mon Jan  1 14:42:42 2018
1,665,497.28773807198684,751,202.92779516162,3,2.0,1,3.0,Mon Jan  1 00:42:37 2018,2018,1,1,0,42,37,Mon Jan  1 08:35:26 2018,2018,1,1,8,35,26,7.880277777777778,0.009346201006560726,265.14237635512126,short,cell_03_01,cell_02_03,S,S-W,short,slow,19,39,39,2018,1,1,Mon Jan  1 19:39:39 2018
3,804,133.31169786415242,860,665.421450729278,4,0.0,0,1.0,Mon Jan  1 11:55:49 2018,2018,1,1,11,55,49,Mon Jan  1 15:36:57 2018,2018,1,1,15,36,57,3.6855555555555553,0.04072917707695975,540.3947214571019,medium,cell_04_00,cell_00_01,S,S-W,short,slow,17,54,50,2018,1,1,Mon Jan  1 17:54:50 2018
1,82,807.3195810232412,878,480.3835785578822,0,4.0,0,2.0,Mon Jan  1 00:05:49 2018,2018,1,1,0,5,49,Mon Jan  1 18:24:32 2018,2018,1,1,18,24,32,18.311944444444446,0.00821576937315785,541.608164386685,medium,cell_00_00,cell_04_02,E,E-S,medium,slow,18,47,44,2018,1,1,Mon Jan  1 18:47:44 2018
1,591,782.530387786946,481,328.9893506113757,2,3.0,2,3.0,Mon Jan  1 23:58:27 2018,2018,1,1,23,58,27,Mon Jan  1 23:59:30 2018,2018,1,1,23,59,30,0.0175,4.050418977764395,255.17639559915688,short,cell_02_02,cell_03_03,N,N-W,short,slow,15,41,47,2018,1,1,Mon Jan  1 15:41:47 2018
2,274,583.2236094691837,211,434.8926796120427,1,2.0,3,2.0,Mon Jan  1 21:43:44 2018,2018,1,1,21,43,44,Mon Jan  1 23:40:44 2018,2018,1,1,23,40,44,1.95,0.0584099297886259,410.0377071161538,medium,cell_01_03,cell_02_02,N,N-E,short,slow,16,38,51,2018,1,1,Mon Jan  1 16:38:51 2018
4,861,405.08109971670467,285,306.5977937059679,4,2.0,3,3.0,Mon Jan  1 15:17:23 2018,2018,1,1,15,17,23,Mon Jan  1 15:44:00 2018,2018,1,1,15,44,0,0.4436111111111111,0.20453675746212985,326.64520166702135,short,cell_04_03,cell_02_03,W,W-N,short,slow,18,59,44,2018,1,1,Mon Jan  1 18:59:44 2018
3,277,614.2046168846,750,7.222777685432243,1,3.0,1,4.0,Mon Jan  1 01:00:38 2018,2018,1,1,1,0,38,Mon Jan  1 13:32:20 2018,2018,1,1,13,32,20,12.528333333333334,0.0055968249355484116,252.42799824310444,short,cell_01_01,cell_03_04,S,S-W,medium,slow,15,34,49,2018,1,1,Mon Jan  1 15:34:49 2018
0,445,128.42945199786314,544,332.87335410522354,2,0.0,2,3.0,Mon Jan  1 02:45:27 2018,2018,1,1,2,45,27,Mon Jan  1 10:31:31 2018,2018,1,1,10,31,31,7.767777777777778,0.004712560631103376,131.78204548817482,short,cell_02_02,cell_00_03,E,E-N,short,slow,20,45,47,2018,1,1,Mon Jan  1 20:45:47 2018
3,917,356.21600718463776,882,598.537816868715,4,1.0,0,2.0,Mon Jan  1 16:18:21 2018,2018,1,1,16,18,21,Mon Jan  1 21:33:47 2018,2018,1,1,21,33,47,5.2572222222222225,0.0526591615526118,996.627291544731,long,cell_04_00,cell_01_02,W,W-S,short,slow,18,38,55,2018,1,1,Mon Jan  1 18:38:55 2018
0,658,618.9460794582307,775,342.3373471334778,3,3.0,1,3.0,Mon Jan  1 11:10:48 2018,2018,1,1,11,10,48,Mon Jan  1 23:00:07 2018,2018,1,1,23,0,7,11.821944444444446,0.012922672835026195,549.9760331858798,medium,cell_03_01,cell_03_03,W,W-S,medium,slow,18,34,44,2018,1,1,Mon Jan  1 18:34:44 2018
1,54,440.3579818544168,494,538.106338579536,0,2.0,2,2.0,Mon Jan  1 15:26:51 2018,2018,1,1,15,26,51,Mon Jan  1 16:34:02 2018,2018,1,1,16,34,2,1.1197222222222223,0.06457038064268403,260.2832043706593,short,cell_00_02,cell_02_02,S,S-W,short,slow,20,42,37,2018,1,1,Mon Jan  1 20:42:37 2018
4,57,163.49923264877137,467,316.5285854379139,0,0.0,2,3.0,Mon Jan  1 05:14:36 2018,2018,1,1,5,14,36,Mon Jan  1 07:54:27 2018,2018,1,1,7,54,27,2.6641666666666666,0.07099777433862572,680.9396536817593,long,cell_00_02,cell_00_03,E,E-N,short,slow,20,47,53,2018,1,1,Mon Jan  1 20:47:53 2018
3,669,135.140379510517,473,413.8596913229109,3,0.0,2,2.0,Mon Jan  1 09:51:14 2018,2018,1,1,9,51,14,Mon Jan  1 10:21:19 2018,2018,1,1,10,21,19,0.5013888888888889,0.24881016101802111,449.10234063752813,medium,cell_03_02,cell_00_02,S,S-W,short,slow,19,50,46,2018,1,1,Mon Jan  1 19:50:46 2018
1,0,844.5952133213971,962,756.3873055691292,0,4.0,0,1.0,Mon Jan  1 16:42:46 2018,2018,1,1,16,42,46,Mon Jan  1 23:08:57 2018,2018,1,1,23,8,57,6.436388888888889,0.02581068390719271,598.0593568135623,medium,cell_00_00,cell_04_01,E,E-S,short,slow,20,53,53,2018,1,1,Mon Jan  1 20:53:53 2018
1,669,498.5903219495709,826,789.8151492753109,3,2.0,0,1.0,Mon Jan  1 13:33:09 2018,2018,1,1,13,33,9,Mon Jan  1 21:51:59 2018,2018,1,1,21,51,59,8.313888888888888,0.004439536070772013,132.87531459820636,short,cell_03_00,cell_02_01,S,S-E,short,slow,22,47,28,2018,1,1,Mon Jan  1 22:47:28 2018
0,909,448.3839957011201,355,186.21062541649778,4,2.0,3,4.0,Mon Jan  1 21:19:43 2018,2018,1,1,21,19,43,Mon Jan  1 23:37:28 2018,2018,1,1,23,37,28,2.2958333333333334,0.04186031358475903,345.97549177803336,medium,cell_04_03,cell_02_04,W,W-S,short,slow,18,51,45,2018,1,1,Mon Jan  1 18:51:45 2018
0,387,546.811743772958,256,251.56354538438163,1,2.0,3,3.0,Mon Jan  1 18:26:11 2018,2018,1,1,18,26,11,Mon Jan  1 20:48:49 2018,2018,1,1,20,48,49,2.377222222222222,0.04202874087670849,359.68196442287126,medium,cell_01_03,cell_02_03,N,N-E,short,slow,18,50,44,2018,1,1,Mon Jan  1 18:50:44 2018
1,527,317.97780764217106,318,627.972223920296,2,1.0,3,1.0,Mon Jan  1 01:52:53 2018,2018,1,1,1,52,53,Mon Jan  1 21:11:53 2018,2018,1,1,21,11,53,19.316666666666666,0.0046587267574052516,323.9678587099612,short,cell_02_03,cell_01_01,E,E-N,medium,slow,9,44,47,2018,1,1,Mon Jan  1 09:44:47 2018
0,732,162.00707596669338,791,591.6621933147103,3,0.0,1,2.0,Mon Jan  1 18:47:20 2018,2018,1,1,18,47,20,Mon Jan  1 18:51:41 2018,2018,1,1,18,51,41,0.0725,1.3775443831609837,359.5390840050168,medium,cell_03_01,cell_00_02,S,S-W,short,slow,21,36,41,2018,1,1,Mon Jan  1 21:36:41 2018
0,435,407.2147991824548,419,397.19555285802954,2,2.0,2,3.0,Mon Jan  1 12:12:05 2018,2018,1,1,12,12,5,Mon Jan  1 16:45:57 2018,2018,1,1,16,45,57,4.564444444444445,0.012399778914916284,203.75316712990437,short,cell_02_02,cell_02_03,S,S-E,short,slow,16,44,51,2018,1,1,Mon Jan  1 16:44:51 2018
1,367,334.1705150494608,724,659.5866067899011,1,1.0,1,1.0,Mon Jan  1 14:03:53 2018,2018,1,1,14,3,53,Mon Jan  1 16:58:29 2018,2018,1,1,16,58,29,2.9099999999999997,0.03466829455380655,363.1850537456774,medium,cell_01_01,cell_01_01,S,S-E,short,slow,22,48,43,2018,1,1,Mon Jan  1 22:48:43 2018
4,78,697.465895607542,613,659.7411551023976,0,3.0,1,1.0,Mon Jan  1 10:24:00 2018,2018,1,1,10,24,0,Mon Jan  1 12:38:14 2018,2018,1,1,12,38,14,2.237222222222222,0.0463964199655276,373.67676640235925,medium,cell_00_01,cell_03_01,E,E-S,short,slow,13,54,34,2018,1,1,Mon Jan  1 13:54:34 2018
1,26,491.074234200363,877,533.6496887646696,0,2.0,0,2.0,Mon Jan  1 16:39:32 2018,2018,1,1,16,39,32,Mon Jan  1 20:37:03 2018,2018,1,1,20,37,3,3.9586111111111113,0.0436946775308734,622.6928494924769,medium,cell_00_00,cell_02_02,E,E-S,short,slow,19,42,40,2018,1,1,Mon Jan  1 19:42:40 2018
3,439,283.3796251165833,84,669.773165762555,2,1.0,4,1.0,Mon Jan  1 01:59:10 2018,2018,1,1,1,59,10,Mon Jan  1 14:28:21 2018,2018,1,1,14,28,21,12.486388888888888,0.009894755336126182,444.77914711420806,medium,cell_02_04,cell_01_01,N,N-W,medium,slow,17,49,51,2018,1,1,Mon Jan  1 17:49:51 2018
1,89,608.151448951137,239,312.2160297676137,0,3.0,3,3.0,Mon Jan  1 13:32:43 2018,2018,1,1,13,32,43,Mon Jan  1 19:39:04 2018,2018,1,1,19,39,4,6.105833333333334,0.030983483286747607,681.0479461259991,long,cell_00_03,cell_03_03,E,E-N,short,slow,12,50,48,2018,1,1,Mon Jan  1 12:50:48 2018
3,471,562.5151497097413,540,542.3595643095049,2,2.0,2,2.0,Mon Jan  1 23:53:53 2018,2018,1,1,23,53,53,Mon Jan  1 23:59:15 2018,2018,1,1,23,59,15,0.08944444444444444,0.32353708280164584,104.17894066212996,short,cell_02_02,cell_02_02,E,E-S,short,slow,20,37,47,2018,1,1,Mon Jan  1 20:37:47 2018
2,522,911.7851306618445,96,522.5390562304849,2,4.0,4,2.0,Mon Jan  1 00:10:10 2018,2018,1,1,0,10,10,Mon Jan  1 04:16:08 2018,2018,1,1,4,16,8,4.099444444444445,0.027412733277916688,404.5571177154945,medium,cell_02_04,cell_04_02,N,N-E,short,slow,19,55,37,2018,1,1,Mon Jan  1 19:55:37 2018
4,218,387.04059178275446,147,622.3675017715727,1,1.0,4,1.0,Mon Jan  1 22:07:31 2018,2018,1,1,22,7,31,Mon Jan  1 23:16:58 2018,2018,1,1,23,16,58,1.1575,0.08962890554507856,373.48364940634235,medium,cell_01_04,cell_01_01,E,E-N,short,slow,18,37,50,2018,1,1,Mon Jan  1 18:37:50 2018
4,321,395.9187409603189,609,516.378069535074,1,1.0,1,2.0,Mon Jan  1 02:06:44 2018,2018,1,1,2,6,44,Mon Jan  1 18:04:38 2018,2018,1,1,18,4,38,15.965,0.009850719044666403,566.1602263731569,medium,cell_01_01,cell_01_02,S,S-E,medium,slow,16,40,46,2018,1,1,Mon Jan  1 16:40:46 2018
3,817,516.3265089258919,337,583.0166181324158,4,2.0,3,2.0,Mon Jan  1 15:49:46 2018,2018,1,1,15,49,46,Mon Jan  1 20:13:34 2018,2018,1,1,20,13,34,4.3966666666666665,0.005786950074893971,91.59584578542177,short,cell_04_03,cell_02_02,W,W-S,short,slow,12,43,34,2018,1,1,Mon Jan  1 12:43:34 2018
1,761,551.1005795337935,674,110.07103515914343,3,2.0,1,4.0,Mon Jan  1 07:17:49 2018,2018,1,1,7,17,49,Mon Jan  1 23:46:57 2018,2018,1,1,23,46,57,16.485555555555557,0.005812401276472544,344.95439095609254,medium,cell_03_01,cell_02_04,W,W-S,medium,slow,19,50,37,2018,1,1,Mon Jan  1 19:50:37 2018
0,765,802.4736130311803,136,292.93705019737985,3,4.0,4,3.0,Mon Jan  1 03:59:22 2018,2018,1,1,3,59,22,Mon Jan  1 16:43:20 2018,2018,1,1,16,43,20,12.732777777777779,0.012882758091066536,590.5198653783078,medium,cell_03_04,cell_04_03,W,W-N,medium,slow,18,52,41,2018,1,1,Mon Jan  1 18:52:41 2018
2,272,633.4263463800318,162,358.64327674913704,1,3.0,4,3.0,Mon Jan  1 09:14:41 2018,2018,1,1,9,14,41,Mon Jan  1 15:33:45 2018,2018,1,1,15,33,45,6.317777777777778,0.019338239275257855,439.8289140764647,medium,cell_01_04,cell_03_03,E,E-N,short,slow,17,40,41,2018,1,1,Mon Jan  1 17:40:41 2018
2,876,209.37454500442422,141,659.2485964663275,4,1.0,4,1.0,Mon Jan  1 10:32:48 2018,2018,1,1,10,32,48,Mon Jan  1 17:39:53 2018,2018,1,1,17,39,53,7.118055555555555,0.03402641178431761,871.9268019731387,long,cell_04_04,cell_01_01,N,N-W,short,slow,21,48,37,2018,1,1,Mon Jan  1 21:48:37 2018
1,725,523.3836765891857,712,236.3385472146822,3,2.0,1,3.0,Mon Jan  1 22:12:17 2018,2018,1,1,22,12,17,Mon Jan  1 23:38:45 2018,2018,1,1,23,38,45,1.4411111111111112,0.10398548216532397,539.4766814737008,medium,cell_03_01,cell_02_03,S,S-W,short,slow,22,49,38,2018,1,1,Mon Jan  1 22:49:38 2018
4,910,437.2209129607808,696,764.9588211914212,4,2.0,1,1.0,Mon Jan  1 18:57:47 2018,2018,1,1,18,57,47,Mon Jan  1 19:11:10 2018,2018,1,1,19,11,10,0.22305555555555553,0.7825054835882076,628.3519033213307,medium,cell_04_01,cell_02_01,W,W-S,short,slow,18,45,47,2018,1,1,Mon Jan  1 18:45:47 2018
0,844,543.7272856735309,636,235.77760782348992,4,2.0,1,3.0,Mon Jan  1 07:01:21 2018,2018,1,1,7,1,21,Mon Jan  1 07:53:32 2018,2018,1,1,7,53,32,0.8697222222222222,0.05081031426772164,159.08709397223646,short,cell_04_01,cell_02_03,N,N-E,short,slow,17,36,37,2018,1,1,Mon Jan  1 17:36:37 2018
3,610,425.6057793040781,919,384.8449730806083,3,2.0,0,3.0,Mon Jan  1 18:55:37 2018,2018,1,1,18,55,37,Mon Jan  1 22:39:54 2018,2018,1,1,22,39,54,3.7380555555555555,0.028654117289798164,385.5984563688139,medium,cell_03_00,cell_02_03,S,S-W,short,slow,16,37,39,2018,1,1,Mon Jan  1 16:37:39 2018
4,872,593.3047591121206,198,536.6394690728254,4,2.0,4,2.0,Mon Jan  1 02:51:53 2018,2018,1,1,2,51,53,Mon Jan  1 06:55:13 2018,2018,1,1,6,55,13,4.055555555555555,0.01946494621481524,284.1882147363025,short,cell_04_04,cell_02_02,N,N-W,short,slow,20,46,39,2018,1,1,Mon Jan  1 20:46:39 2018
0,517,726.3816540992048,901,411.8270273352065,2,3.0,0,2.0,Mon Jan  1 15:12:21 2018,2018,1,1,15,12,21,Mon Jan  1 17:45:42 2018,2018,1,1,17,45,42,2.555833333333333,0.042137844783289316,387.710309851045,medium,cell_02_00,cell_03_02,S,S-W,short,slow,18,46,47,2018,1,1,Mon Jan  1 18:46:47 2018
0,183,699.8337962107273,92,751.1587219894617,0,3.0,4,1.0,Mon Jan  1 22:39:41 2018,2018,1,1,22,39,41,Mon Jan  1 23:08:45 2018,2018,1,1,23,8,45,0.48444444444444446,0.4287347705539672,747.7134398461188,long,cell_00_04,cell_03_01,N,N-E,short,slow,21,39,44,2018,1,1,Mon Jan  1 21:39:44 2018
3,544,366.48921562219044,777,485.8658996137027,2,1.0,1,2.0,Mon Jan  1 00:11:04 2018,2018,1,1,0,11,4,Mon Jan  1 10:06:29 2018,2018,1,1,10,6,29,9.92361111111111,0.013713754940710098,489.92389525686826,medium,cell_02_01,cell_01_02,S,S-E,short,slow,16,44,47,2018,1,1,Mon Jan  1 16:44:47 2018
1,972,590.3156238380534,991,564.3943040470451,4,2.0,0,2.0,Mon Jan  1 01:49:05 2018,2018,1,1,1,49,5,Mon Jan  1 13:06:22 2018,2018,1,1,13,6,22,11.288055555555555,0.019840717058051918,806.2672190880559,long,cell_04_00,cell_02_02,W,W-S,medium,slow,16,48,47,2018,1,1,Mon Jan  1 16:48:47 2018
1,17,594.4930682627888,300,430.1886521048629,0,2.0,3,2.0,Mon Jan  1 07:48:35 2018,2018,1,1,7,48,35,Mon Jan  1 21:50:27 2018,2018,1,1,21,50,27,14.03111111111111,0.014259234917573284,720.2624741564617,long,cell_00_03,cell_02_02,N,N-E,medium,slow,20,52,41,2018,1,1,Mon Jan  1 20:52:41 2018
3,571,540.357217961132,194,67.14261633567851,2,2.0,4,4.0,Mon Jan  1 03:58:45 2018,2018,1,1,3,58,45,Mon Jan  1 13:21:35 2018,2018,1,1,13,21,35,9.380555555555556,0.02256104341933241,761.8864362708555,long,cell_02_04,cell_02_04,N,N-W,short,slow,22,48,38,2018,1,1,Mon Jan  1 22:48:38 2018
1,590,588.1415047346893,535,510.99869823568764,2,2.0,2,2.0,Mon Jan  1 03:41:21 2018,2018,1,1,3,41,21,Mon Jan  1 07:26:46 2018,2018,1,1,7,26,46,3.756944444444444,0.00438155975085057,59.26059563025396,short,cell_02_02,cell_02_02,W,W-N,short,slow,16,52,52,2018,1,1,Mon Jan  1 16:52:52 2018
4,250,747.4104102908547,558,305.0193395540074,1,3.0,2,3.0,Mon Jan  1 21:32:54 2018,2018,1,1,21,32,54,Mon Jan  1 23:32:13 2018,2018,1,1,23,32,13,1.988611111111111,0.034920162542276034,249.9934436401541,short,cell_01_02,cell_03_03,E,E-N,short,slow,20,47,43,2018,1,1,Mon Jan  1 20:47:43 2018
0,48,407.5634453539075,680,774.3772641617129,0,2.0,1,1.0,Mon Jan  1 12:03:05 2018,2018,1,1,12,3,5,Mon Jan  1 13:45:44 2018,2018,1,1,13,45,44,1.7108333333333334,0.06277930083648395,386.65771385190465,medium,cell_00_01,cell_02_01,S,S-E,short,slow,17,42,44,2018,1,1,Mon Jan  1 17:42:44 2018
0,133,402.453506687287,731,140.22635797899358,0,2.0,1,4.0,Mon Jan  1 01:11:40 2018,2018,1,1,1,11,40,Mon Jan  1 06:25:15 2018,2018,1,1,6,25,15,5.226388888888889,0.02132364309762174,401.20434488175306,medium,cell_00_01,cell_02_04,E,E-N,short,slow,18,48,54,2018,1,1,Mon Jan  1 18:48:54 2018
2,433,545.4643861702444,495,266.57447484773877,2,2.0,2,3.0,Mon Jan  1 04:20:11 2018,2018,1,1,4,20,11,Mon Jan  1 12:05:09 2018,2018,1,1,12,5,9,7.749444444444444,0.005177472624131252,144.44113126801366,short,cell_02_02,cell_02_03,S,S-E,short,slow,15,52,42,2018,1,1,Mon Jan  1 15:52:42 2018
2,757,372.11263191442697,236,762.2305989352125,3,1.0,3,1.0,Mon Jan  1 04:16:14 2018,2018,1,1,4,16,14,Mon Jan  1 18:11:47 2018,2018,1,1,18,11,47,13.925833333333333,0.008401019634007502,421.1683173116981,medium,cell_03_03,cell_01_01,N,N-W,medium,slow,20,47,37,2018,1,1,Mon Jan  1 20:47:37 2018
4,894,344.7726857955752,490,710.485092945601,4,1.0,2,1.0,Mon Jan  1 10:32:48 2018,2018,1,1,10,32,48,Mon Jan  1 13:27:47 2018,2018,1,1,13,27,47,2.9163888888888887,0.053845069219043376,565.3193817307364,medium,cell_04_02,cell_01_01,W,W-N,short,slow,13,49,50,2018,1,1,Mon Jan  1 13:49:50 2018
3,755,782.227834342204,881,535.3616114151797,3,3.0,0,2.0,Mon Jan  1 07:03:51 2018,2018,1,1,7,3,51,Mon Jan  1 09:23:04 2018,2018,1,1,9,23,4,2.3202777777777777,0.06517773722149596,544.4296390111557,medium,cell_03_00,cell_03_02,W,W-S,short,slow,16,53,42,2018,1,1,Mon Jan  1 16:53:42 2018
1,347,297.87556172391794,516,500.73119443503043,1,1.0,2,2.0,Mon Jan  1 07:52:55 2018,2018,1,1,7,52,55,Mon Jan  1 08:35:03 2018,2018,1,1,8,35,3,0.7022222222222222,0.04422761558811403,111.80741220675226,short,cell_01_02,cell_01_02,W,W-N,short,slow,13,54,42,2018,1,1,Mon Jan  1 13:54:42 2018
1,648,0.0,583,493.3750452169209,3,-0.0,2,2.0,Mon Jan  1 15:12:04 2018,2018,1,1,15,12,4,Mon Jan  1 19:32:29 2018,2018,1,1,19,32,29,4.340277777777778,0.00960783136615985,150.12236509624765,short,cell_03_02,cell_00_02,E,E-S,short,slow,18,40,36,2018,1,1,Mon Jan  1 18:40:36 2018
0,429,229.89529453935452,662,458.4794974420233,2,1.0,1,2.0,Mon Jan  1 04:12:31 2018,2018,1,1,4,12,31,Mon Jan  1 07:57:04 2018,2018,1,1,7,57,4,3.7425,0.01652988815549963,222.70718311904653,short,cell_02_01,cell_01_02,W,W-N,short,slow,19,43,46,2018,1,1,Mon Jan  1 19:43:46 2018
2,977,458.7162244900793,264,517.8370981004489,4,2.0,3,2.0,Mon Jan  1 13:09:30 2018,2018,1,1,13,9,30,Mon Jan  1 18:22:17 2018,2018,1,1,18,22,17,5.213055555555556,0.03825509505005144,717.9333688043154,long,cell_04_03,cell_02_02,W,W-N,short,slow,18,40,46,2018,1,1,Mon Jan  1 18:40:46 2018
2,442,248.48523823697943,869,674.9297348676527,2,1.0,0,1.0,Mon Jan  1 15:26:46 2018,2018,1,1,15,26,46,Mon Jan  1 19:19:58 2018,2018,1,1,19,19,58,3.8866666666666663,0.025204379027934213,352.6596713588555,medium,cell_02_00,cell_01_01,S,S-E,short,slow,14,53,38,2018,1,1,Mon Jan  1 14:53:38 2018
3,27,903.7653026584055,50,662.4399926023302,0,4.0,4,1.0,Mon Jan  1 16:17:47 2018,2018,1,1,16,17,47,Mon Jan  1 19:51:06 2018,2018,1,1,19,51,6,3.5552777777777775,0.0806507747183965,1032.249265620757,long,cell_00_04,cell_04_01,E,E-N,short,slow,18,55,48,2018,1,1,Mon Jan  1 18:55:48 2018
0,850,799.6241916492157,260,636.3856780084769,4,3.0,3,1.0,Mon Jan  1 13:52:16 2018,2018,1,1,13,52,16,Mon Jan  1 21:53:08 2018,2018,1,1,21,53,8,8.014444444444445,0.019403853311882272,559.8399757544273,medium,cell_04_03,cell_03_01,N,N-W,short,slow,15,44,35,2018,1,1,Mon Jan  1 15:44:35 2018
0,789,568.1454573914657,612,230.05938637759024,3,2.0,1,3.0,Mon Jan  1 01:03:52 2018,2018,1,1,1,3,52,Mon Jan  1 21:17:11 2018,2018,1,1,21,17,11,20.221944444444443,0.005990876408873364,436.129811689572,medium,cell_03_01,cell_02_03,S,S-W,long,slow,22,52,45,2018,1,1,Mon Jan  1 22:52:45 2018
0,999,627.4000009778547,893,401.18025197555096,4,3.0,0,2.0,Mon Jan  1 05:40:48 2018,2018,1,1,5,40,48,Mon Jan  1 18:06:06 2018,2018,1,1,18,6,6,12.421666666666665,0.006573010685989066,293.93189185605905,short,cell_04_00,cell_03_02,W,W-S,medium,slow,20,40,56,2018,1,1,Mon Jan  1 20:40:56 2018
2,796,401.1211357836822,638,780.3892144159067,3,2.0,1,1.0,Mon Jan  1 08:06:24 2018,2018,1,1,8,6,24,Mon Jan  1 21:57:55 2018,2018,1,1,21,57,55,13.858611111111111,0.0035900377981073653,179.11057578537455,short,cell_03_01,cell_02_01,W,W-S,medium,slow,16,45,42,2018,1,1,Mon Jan  1 16:45:42 2018
4,493,729.1328038134254,977,379.576678372416,2,3.0,0,3.0,Mon Jan  1 00:25:01 2018,2018,1,1,0,25,1,Mon Jan  1 22:40:42 2018,2018,1,1,22,40,42,22.26138888888889,0.003734850189602779,299.3146290449563,short,cell_02_00,cell_03_03,S,S-E,long,slow,20,56,54,2018,1,1,Mon Jan  1 20:56:54 2018
2,608,172.1609697802183,324,733.0234547291475,3,0.0,3,1.0,Mon Jan  1 18:48:08 2018,2018,1,1,18,48,8,Mon Jan  1 19:41:33 2018,2018,1,1,19,41,33,0.8902777777777777,0.021098097771622686,67.6194033580507,short,cell_03_03,cell_00_01,W,W-S,short,slow,14,49,48,2018,1,1,Mon Jan  1 14:49:48 2018
